{
"type": "FeatureCollection",
"name": "CMU-1-Small-Region",
"crs": { "type": "name", "properties": { "name": "urn:ogc:def:crs:EPSG::3857" } },
"features": [
{ "type": "Feature", "properties": { "tissue_id": 0 }, "geometry": { "type": "Polygon", "coordinates": [ [ [ 456.0, 1002.0 ], [ 456.0, 1003.0 ], [ 456.0, 1005.0 ], [ 456.0, 1006.0 ], [ 456.0, 1008.0 ], [ 456.0, 1009.0 ], [ 456.0, 1011.0 ], [ 456.0, 1012.0 ], [ 456.0, 1014.0 ], [ 456.0, 1015.0 ], [ 455.0, 1017.0 ], [ 453.0, 1017.0 ], [ 452.0, 1017.0 ], [ 450.0, 1017.0 ], [ 449.0, 1017.0 ], [ 447.0, 1017.0 ], [ 446.0, 1017.0 ], [ 444.0, 1017.0 ], [ 443.0, 1017.0 ], [ 441.0, 1017.0 ], [ 440.0, 1017.0 ], [ 438.0, 1017.0 ], [ 437.0, 1017.0 ], [ 435.0, 1017.0 ], [ 434.0, 1017.0 ], [ 433.0, 1017.0 ], [ 431.0, 1017.0 ], [ 430.0, 1017.0 ], [ 428.0, 1017.0 ], [ 427.0, 1018.0 ], [ 425.0, 1018.0 ], [ 425.0, 1020.0 ], [ 425.0, 1021.0 ], [ 425.0, 1023.0 ], [ 425.0, 1024.0 ], [ 425.0, 1026.0 ], [ 425.0, 1027.0 ], [ 425.0, 1029.0 ], [ 425.0, 1030.0 ], [ 425.0, 1032.0 ], [ 424.0, 1033.0 ], [ 422.0, 1033.0 ], [ 421.0, 1033.0 ], [ 419.0, 1033.0 ], [ 418.0, 1033.0 ], [ 416.0, 1033.0 ], [ 415.0, 1033.0 ], [ 413.0, 1033.0 ], [ 412.0, 1033.0 ], [ 410.0, 1033.0 ], [ 409.0, 1033.0 ], [ 407.0, 1033.0 ], [ 406.0, 1033.0 ], [ 404.0, 1033.0 ], [ 403.0, 1033.0 ], [ 401.0, 1033.0 ], [ 400.0, 1033.0 ], [ 398.0, 1033.0 ], [ 397.0, 1033.0 ], [ 395.0, 1033.0 ], [ 394.0, 1033.0 ], [ 392.0, 1033.0 ], [ 391.0, 1033.0 ], [ 390.0, 1033.0 ], [ 388.0, 1033.0 ], [ 387.0, 1033.0 ], [ 385.0, 1033.0 ], [ 384.0, 1033.0 ], [ 382.0, 1033.0 ], [ 381.0, 1033.0 ], [ 379.0, 1033.0 ], [ 378.0, 1033.0 ], [ 376.0, 1035.0 ], [ 376.0, 1036.0 ], [ 376.0, 1038.0 ], [ 376.0, 1039.0 ], [ 376.0, 1041.0 ], [ 376.0, 1042.0 ], [ 376.0, 1044.0 ], [ 376.0, 1045.0 ], [ 376.0, 1046.0 ], [ 376.0, 1048.0 ], [ 375.0, 1049.0 ], [ 373.0, 1049.0 ], [ 372.0, 1049.0 ], [ 370.0, 1049.0 ], [ 369.0, 1049.0 ], [ 367.0, 1049.0 ], [ 366.0, 1049.0 ], [ 364.0, 1049.0 ], [ 363.0, 1049.0 ], [ 361.0, 1049.0 ], [ 360.0, 1051.0 ], [ 360.0, 1052.0 ], [ 360.0, 1054.0 ], [ 360.0, 1055.0 ], [ 360.0, 1057.0 ], [ 360.0, 1058.0 ], [ 360.0, 1060.0 ], [ 360.0, 1061.0 ], [ 360.0, 1063.0 ], [ 360.0, 1064.0 ], [ 358.0, 1066.0 ], [ 357.0, 1066.0 ], [ 355.0, 1066.0 ], [ 354.0, 1066.0 ], [ 352.0, 1066.0 ], [ 351.0, 1066.0 ], [ 349.0, 1066.0 ], [ 348.0, 1066.0 ], [ 347.0, 1066.0 ], [ 345.0, 1066.0 ], [ 344.0, 1066.0 ], [ 342.0, 1066.0 ], [ 341.0, 1066.0 ], [ 339.0, 1066.0 ], [ 338.0, 1066.0 ], [ 336.0, 1066.0 ], [ 335.0, 1066.0 ], [ 333.0, 1066.0 ], [ 332.0, 1066.0 ], [ 330.0, 1066.0 ], [ 329.0, 1066.0 ], [ 327.0, 1066.0 ], [ 326.0, 1066.0 ], [ 324.0, 1066.0 ], [ 323.0, 1066.0 ], [ 321.0, 1066.0 ], [ 320.0, 1066.0 ], [ 318.0, 1066.0 ], [ 317.0, 1066.0 ], [ 315.0, 1066.0 ], [ 314.0, 1066.0 ], [ 312.0, 1066.0 ], [ 312.0, 1067.0 ], [ 312.0, 1069.0 ], [ 312.0, 1070.0 ], [ 312.0, 1072.0 ], [ 312.0, 1073.0 ], [ 312.0, 1075.0 ], [ 312.0, 1076.0 ], [ 312.0, 1078.0 ], [ 312.0, 1079.0 ], [ 312.0, 1081.0 ], [ 311.0, 1082.0 ], [ 309.0, 1082.0 ], [ 308.0, 1082.0 ], [ 306.0, 1082.0 ], [ 305.0, 1082.0 ], [ 304.0, 1082.0 ], [ 302.0, 1082.0 ], [ 301.0, 1082.0 ], [ 299.0, 1082.0 ], [ 298.0, 1082.0 ], [ 296.0, 1082.0 ], [ 295.0, 1082.0 ], [ 293.0, 1082.0 ], [ 292.0, 1082.0 ], [ 290.0, 1082.0 ], [ 289.0, 1082.0 ], [ 287.0, 1082.0 ], [ 286.0, 1082.0 ], [ 284.0, 1082.0 ], [ 283.0, 1082.0 ], [ 281.0, 1082.0 ], [ 280.0, 1082.0 ], [ 278.0, 1082.0 ], [ 277.0, 1082.0 ], [ 275.0, 1082.0 ], [ 274.0, 1082.0 ], [ 272.0, 1082.0 ], [ 271.0, 1082.0 ], [ 269.0, 1082.0 ], [ 268.0, 1082.0 ], [ 266.0, 1082.0 ], [ 265.0, 1082.0 ], [ 263.0, 1082.0 ], [ 262.0, 1082.0 ], [ 261.0, 1082.0 ], [ 259.0, 1082.0 ], [ 258.0, 1082.0 ], [ 256.0, 1082.0 ], [ 255.0, 1082.0 ], [ 253.0, 1082.0 ], [ 252.0, 1082.0 ], [ 250.0, 1082.0 ], [ 249.0, 1082.0 ], [ 249.0, 1084.0 ], [ 249.0, 1085.0 ], [ 249.0, 1087.0 ], [ 249.0, 1088.0 ], [ 249.0, 1089.0 ], [ 249.0, 1091.0 ], [ 249.0, 1092.0 ], [ 249.0, 1094.0 ], [ 249.0, 1095.0 ], [ 249.0, 1097.0 ], [ 247.0, 1098.0 ], [ 246.0, 1098.0 ], [ 244.0, 1098.0 ], [ 243.0, 1098.0 ], [ 241.0, 1098.0 ], [ 240.0, 1098.0 ], [ 238.0, 1098.0 ], [ 237.0, 1098.0 ], [ 235.0, 1098.0 ], [ 234.0, 1098.0 ], [ 232.0, 1098.0 ], [ 231.0, 1098.0 ], [ 229.0, 1098.0 ], [ 228.0, 1098.0 ], [ 226.0, 1098.0 ], [ 225.0, 1098.0 ], [ 223.0, 1098.0 ], [ 222.0, 1098.0 ], [ 220.0, 1098.0 ], [ 219.0, 1098.0 ], [ 217.0, 1098.0 ], [ 216.0, 1098.0 ], [ 215.0, 1098.0 ], [ 213.0, 1098.0 ], [ 212.0, 1098.0 ], [ 210.0, 1098.0 ], [ 209.0, 1098.0 ], [ 207.0, 1098.0 ], [ 206.0, 1098.0 ], [ 204.0, 1098.0 ], [ 203.0, 1098.0 ], [ 201.0, 1098.0 ], [ 200.0, 1098.0 ], [ 200.0, 1100.0 ], [ 200.0, 1101.0 ], [ 200.0, 1103.0 ], [ 200.0, 1104.0 ], [ 200.0, 1106.0 ], [ 200.0, 1107.0 ], [ 200.0, 1109.0 ], [ 200.0, 1110.0 ], [ 200.0, 1112.0 ], [ 200.0, 1113.0 ], [ 200.0, 1115.0 ], [ 200.0, 1116.0 ], [ 200.0, 1118.0 ], [ 200.0, 1119.0 ], [ 200.0, 1121.0 ], [ 200.0, 1122.0 ], [ 200.0, 1124.0 ], [ 200.0, 1125.0 ], [ 200.0, 1127.0 ], [ 200.0, 1128.0 ], [ 201.0, 1128.0 ], [ 203.0, 1128.0 ], [ 204.0, 1128.0 ], [ 206.0, 1128.0 ], [ 207.0, 1128.0 ], [ 209.0, 1128.0 ], [ 210.0, 1128.0 ], [ 212.0, 1128.0 ], [ 213.0, 1128.0 ], [ 215.0, 1128.0 ], [ 216.0, 1130.0 ], [ 216.0, 1131.0 ], [ 216.0, 1132.0 ], [ 216.0, 1134.0 ], [ 216.0, 1135.0 ], [ 216.0, 1137.0 ], [ 216.0, 1138.0 ], [ 216.0, 1140.0 ], [ 216.0, 1141.0 ], [ 216.0, 1143.0 ], [ 216.0, 1144.0 ], [ 217.0, 1144.0 ], [ 219.0, 1144.0 ], [ 220.0, 1144.0 ], [ 222.0, 1144.0 ], [ 223.0, 1144.0 ], [ 225.0, 1144.0 ], [ 226.0, 1144.0 ], [ 228.0, 1144.0 ], [ 229.0, 1144.0 ], [ 231.0, 1144.0 ], [ 232.0, 1144.0 ], [ 234.0, 1144.0 ], [ 235.0, 1144.0 ], [ 237.0, 1144.0 ], [ 238.0, 1144.0 ], [ 240.0, 1144.0 ], [ 241.0, 1144.0 ], [ 243.0, 1144.0 ], [ 244.0, 1144.0 ], [ 246.0, 1144.0 ], [ 247.0, 1144.0 ], [ 249.0, 1144.0 ], [ 250.0, 1144.0 ], [ 252.0, 1144.0 ], [ 253.0, 1144.0 ], [ 255.0, 1144.0 ], [ 256.0, 1144.0 ], [ 258.0, 1144.0 ], [ 259.0, 1144.0 ], [ 261.0, 1144.0 ], [ 262.0, 1144.0 ], [ 263.0, 1144.0 ], [ 265.0, 1144.0 ], [ 266.0, 1144.0 ], [ 268.0, 1144.0 ], [ 269.0, 1144.0 ], [ 271.0, 1144.0 ], [ 272.0, 1144.0 ], [ 274.0, 1144.0 ], [ 275.0, 1144.0 ], [ 277.0, 1144.0 ], [ 278.0, 1144.0 ], [ 280.0, 1144.0 ], [ 281.0, 1144.0 ], [ 283.0, 1144.0 ], [ 284.0, 1144.0 ], [ 286.0, 1144.0 ], [ 287.0, 1144.0 ], [ 289.0, 1144.0 ], [ 290.0, 1144.0 ], [ 292.0, 1144.0 ], [ 293.0, 1144.0 ], [ 295.0, 1144.0 ], [ 296.0, 1144.0 ], [ 298.0, 1144.0 ], [ 299.0, 1144.0 ], [ 301.0, 1144.0 ], [ 302.0, 1144.0 ], [ 304.0, 1144.0 ], [ 305.0, 1144.0 ], [ 306.0, 1144.0 ], [ 308.0, 1144.0 ], [ 309.0, 1144.0 ], [ 311.0, 1144.0 ], [ 312.0, 1144.0 ], [ 314.0, 1144.0 ], [ 315.0, 1144.0 ], [ 317.0, 1144.0 ], [ 318.0, 1144.0 ], [ 320.0, 1144.0 ], [ 321.0, 1144.0 ], [ 323.0, 1144.0 ], [ 324.0, 1144.0 ], [ 326.0, 1144.0 ], [ 326.0, 1143.0 ], [ 326.0, 1141.0 ], [ 327.0, 1140.0 ], [ 327.0, 1138.0 ], [ 327.0, 1137.0 ], [ 327.0, 1135.0 ], [ 327.0, 1134.0 ], [ 327.0, 1132.0 ], [ 327.0, 1131.0 ], [ 327.0, 1130.0 ], [ 329.0, 1128.0 ], [ 330.0, 1128.0 ], [ 332.0, 1128.0 ], [ 333.0, 1128.0 ], [ 335.0, 1128.0 ], [ 336.0, 1128.0 ], [ 338.0, 1128.0 ], [ 339.0, 1128.0 ], [ 341.0, 1128.0 ], [ 342.0, 1128.0 ], [ 344.0, 1128.0 ], [ 345.0, 1128.0 ], [ 347.0, 1128.0 ], [ 348.0, 1128.0 ], [ 349.0, 1128.0 ], [ 351.0, 1128.0 ], [ 352.0, 1128.0 ], [ 354.0, 1128.0 ], [ 355.0, 1128.0 ], [ 357.0, 1128.0 ], [ 358.0, 1128.0 ], [ 360.0, 1128.0 ], [ 361.0, 1128.0 ], [ 363.0, 1128.0 ], [ 364.0, 1128.0 ], [ 366.0, 1128.0 ], [ 367.0, 1128.0 ], [ 369.0, 1128.0 ], [ 370.0, 1128.0 ], [ 372.0, 1128.0 ], [ 373.0, 1128.0 ], [ 375.0, 1128.0 ], [ 375.0, 1127.0 ], [ 375.0, 1125.0 ], [ 375.0, 1124.0 ], [ 375.0, 1122.0 ], [ 375.0, 1121.0 ], [ 375.0, 1119.0 ], [ 375.0, 1118.0 ], [ 375.0, 1116.0 ], [ 375.0, 1115.0 ], [ 375.0, 1113.0 ], [ 376.0, 1112.0 ], [ 378.0, 1112.0 ], [ 379.0, 1112.0 ], [ 381.0, 1112.0 ], [ 382.0, 1112.0 ], [ 384.0, 1112.0 ], [ 385.0, 1112.0 ], [ 387.0, 1112.0 ], [ 388.0, 1112.0 ], [ 390.0, 1112.0 ], [ 391.0, 1112.0 ], [ 392.0, 1112.0 ], [ 394.0, 1112.0 ], [ 395.0, 1112.0 ], [ 397.0, 1112.0 ], [ 398.0, 1112.0 ], [ 400.0, 1112.0 ], [ 401.0, 1112.0 ], [ 403.0, 1112.0 ], [ 404.0, 1112.0 ], [ 406.0, 1112.0 ], [ 407.0, 1112.0 ], [ 409.0, 1112.0 ], [ 410.0, 1112.0 ], [ 412.0, 1112.0 ], [ 413.0, 1112.0 ], [ 415.0, 1112.0 ], [ 416.0, 1112.0 ], [ 418.0, 1112.0 ], [ 419.0, 1112.0 ], [ 421.0, 1112.0 ], [ 422.0, 1112.0 ], [ 424.0, 1112.0 ], [ 425.0, 1112.0 ], [ 427.0, 1112.0 ], [ 428.0, 1112.0 ], [ 430.0, 1112.0 ], [ 431.0, 1112.0 ], [ 433.0, 1112.0 ], [ 434.0, 1112.0 ], [ 435.0, 1112.0 ], [ 437.0, 1112.0 ], [ 438.0, 1112.0 ], [ 440.0, 1112.0 ], [ 441.0, 1112.0 ], [ 443.0, 1112.0 ], [ 444.0, 1112.0 ], [ 446.0, 1112.0 ], [ 447.0, 1112.0 ], [ 449.0, 1112.0 ], [ 450.0, 1112.0 ], [ 452.0, 1112.0 ], [ 453.0, 1112.0 ], [ 455.0, 1112.0 ], [ 456.0, 1112.0 ], [ 458.0, 1112.0 ], [ 459.0, 1112.0 ], [ 461.0, 1112.0 ], [ 462.0, 1112.0 ], [ 464.0, 1112.0 ], [ 465.0, 1112.0 ], [ 467.0, 1112.0 ], [ 468.0, 1112.0 ], [ 470.0, 1112.0 ], [ 471.0, 1112.0 ], [ 473.0, 1112.0 ], [ 474.0, 1112.0 ], [ 476.0, 1112.0 ], [ 477.0, 1112.0 ], [ 478.0, 1112.0 ], [ 480.0, 1112.0 ], [ 481.0, 1112.0 ], [ 483.0, 1112.0 ], [ 484.0, 1112.0 ], [ 486.0, 1112.0 ], [ 487.0, 1112.0 ], [ 489.0, 1112.0 ], [ 490.0, 1112.0 ], [ 492.0, 1112.0 ], [ 493.0, 1112.0 ], [ 495.0, 1112.0 ], [ 496.0, 1112.0 ], [ 498.0, 1112.0 ], [ 499.0, 1112.0 ], [ 501.0, 1112.0 ], [ 502.0, 1112.0 ], [ 504.0, 1112.0 ], [ 505.0, 1112.0 ], [ 507.0, 1112.0 ], [ 508.0, 1112.0 ], [ 510.0, 1112.0 ], [ 511.0, 1112.0 ], [ 513.0, 1112.0 ], [ 514.0, 1112.0 ], [ 516.0, 1112.0 ], [ 517.0, 1112.0 ], [ 519.0, 1112.0 ], [ 519.0, 1110.0 ], [ 519.0, 1109.0 ], [ 519.0, 1107.0 ], [ 519.0, 1106.0 ], [ 519.0, 1104.0 ], [ 519.0, 1103.0 ], [ 519.0, 1101.0 ], [ 519.0, 1100.0 ], [ 519.0, 1098.0 ], [ 519.0, 1097.0 ], [ 520.0, 1095.0 ], [ 522.0, 1095.0 ], [ 523.0, 1095.0 ], [ 524.0, 1095.0 ], [ 526.0, 1095.0 ], [ 527.0, 1095.0 ], [ 529.0, 1095.0 ], [ 530.0, 1095.0 ], [ 532.0, 1095.0 ], [ 533.0, 1095.0 ], [ 535.0, 1095.0 ], [ 536.0, 1095.0 ], [ 538.0, 1095.0 ], [ 539.0, 1095.0 ], [ 541.0, 1095.0 ], [ 542.0, 1095.0 ], [ 544.0, 1095.0 ], [ 545.0, 1095.0 ], [ 547.0, 1095.0 ], [ 548.0, 1095.0 ], [ 550.0, 1095.0 ], [ 551.0, 1095.0 ], [ 553.0, 1095.0 ], [ 554.0, 1095.0 ], [ 556.0, 1095.0 ], [ 557.0, 1095.0 ], [ 559.0, 1095.0 ], [ 560.0, 1095.0 ], [ 562.0, 1095.0 ], [ 563.0, 1095.0 ], [ 565.0, 1095.0 ], [ 566.0, 1095.0 ], [ 567.0, 1095.0 ], [ 567.0, 1094.0 ], [ 567.0, 1092.0 ], [ 567.0, 1091.0 ], [ 567.0, 1089.0 ], [ 567.0, 1088.0 ], [ 567.0, 1087.0 ], [ 567.0, 1085.0 ], [ 567.0, 1084.0 ], [ 567.0, 1082.0 ], [ 569.0, 1081.0 ], [ 570.0, 1081.0 ], [ 572.0, 1081.0 ], [ 573.0, 1081.0 ], [ 575.0, 1081.0 ], [ 576.0, 1081.0 ], [ 578.0, 1081.0 ], [ 579.0, 1081.0 ], [ 581.0, 1081.0 ], [ 582.0, 1081.0 ], [ 584.0, 1081.0 ], [ 585.0, 1082.0 ], [ 585.0, 1084.0 ], [ 585.0, 1085.0 ], [ 585.0, 1087.0 ], [ 585.0, 1088.0 ], [ 585.0, 1089.0 ], [ 585.0, 1091.0 ], [ 585.0, 1092.0 ], [ 585.0, 1094.0 ], [ 585.0, 1095.0 ], [ 587.0, 1095.0 ], [ 588.0, 1095.0 ], [ 590.0, 1095.0 ], [ 591.0, 1095.0 ], [ 593.0, 1095.0 ], [ 594.0, 1095.0 ], [ 596.0, 1095.0 ], [ 597.0, 1095.0 ], [ 599.0, 1095.0 ], [ 600.0, 1095.0 ], [ 602.0, 1095.0 ], [ 603.0, 1095.0 ], [ 605.0, 1095.0 ], [ 606.0, 1095.0 ], [ 608.0, 1095.0 ], [ 609.0, 1095.0 ], [ 610.0, 1095.0 ], [ 612.0, 1095.0 ], [ 613.0, 1095.0 ], [ 615.0, 1095.0 ], [ 616.0, 1095.0 ], [ 618.0, 1095.0 ], [ 619.0, 1095.0 ], [ 621.0, 1095.0 ], [ 622.0, 1095.0 ], [ 624.0, 1095.0 ], [ 625.0, 1095.0 ], [ 627.0, 1095.0 ], [ 628.0, 1095.0 ], [ 630.0, 1095.0 ], [ 631.0, 1095.0 ], [ 631.0, 1094.0 ], [ 631.0, 1092.0 ], [ 631.0, 1091.0 ], [ 631.0, 1089.0 ], [ 631.0, 1088.0 ], [ 631.0, 1087.0 ], [ 631.0, 1085.0 ], [ 631.0, 1084.0 ], [ 631.0, 1082.0 ], [ 633.0, 1081.0 ], [ 634.0, 1081.0 ], [ 636.0, 1081.0 ], [ 637.0, 1081.0 ], [ 639.0, 1081.0 ], [ 640.0, 1081.0 ], [ 642.0, 1081.0 ], [ 643.0, 1081.0 ], [ 645.0, 1081.0 ], [ 646.0, 1081.0 ], [ 648.0, 1081.0 ], [ 649.0, 1081.0 ], [ 651.0, 1081.0 ], [ 652.0, 1081.0 ], [ 653.0, 1081.0 ], [ 655.0, 1081.0 ], [ 656.0, 1081.0 ], [ 658.0, 1081.0 ], [ 659.0, 1081.0 ], [ 661.0, 1081.0 ], [ 662.0, 1079.0 ], [ 664.0, 1078.0 ], [ 665.0, 1079.0 ], [ 667.0, 1081.0 ], [ 668.0, 1081.0 ], [ 670.0, 1081.0 ], [ 671.0, 1081.0 ], [ 673.0, 1081.0 ], [ 674.0, 1081.0 ], [ 676.0, 1081.0 ], [ 677.0, 1081.0 ], [ 679.0, 1081.0 ], [ 680.0, 1081.0 ], [ 682.0, 1081.0 ], [ 683.0, 1081.0 ], [ 685.0, 1081.0 ], [ 686.0, 1081.0 ], [ 688.0, 1081.0 ], [ 689.0, 1081.0 ], [ 691.0, 1081.0 ], [ 692.0, 1081.0 ], [ 694.0, 1081.0 ], [ 695.0, 1081.0 ], [ 696.0, 1082.0 ], [ 696.0, 1084.0 ], [ 696.0, 1085.0 ], [ 696.0, 1087.0 ], [ 696.0, 1088.0 ], [ 696.0, 1089.0 ], [ 696.0, 1091.0 ], [ 696.0, 1092.0 ], [ 696.0, 1094.0 ], [ 696.0, 1095.0 ], [ 698.0, 1095.0 ], [ 699.0, 1095.0 ], [ 701.0, 1095.0 ], [ 702.0, 1095.0 ], [ 704.0, 1095.0 ], [ 705.0, 1095.0 ], [ 707.0, 1095.0 ], [ 708.0, 1095.0 ], [ 710.0, 1095.0 ], [ 711.0, 1095.0 ], [ 713.0, 1095.0 ], [ 714.0, 1095.0 ], [ 716.0, 1095.0 ], [ 717.0, 1095.0 ], [ 719.0, 1095.0 ], [ 720.0, 1095.0 ], [ 722.0, 1095.0 ], [ 723.0, 1095.0 ], [ 725.0, 1095.0 ], [ 726.0, 1095.0 ], [ 728.0, 1095.0 ], [ 729.0, 1097.0 ], [ 729.0, 1098.0 ], [ 729.0, 1100.0 ], [ 729.0, 1101.0 ], [ 729.0, 1103.0 ], [ 729.0, 1104.0 ], [ 729.0, 1106.0 ], [ 729.0, 1107.0 ], [ 729.0, 1109.0 ], [ 729.0, 1110.0 ], [ 729.0, 1112.0 ], [ 731.0, 1112.0 ], [ 732.0, 1112.0 ], [ 734.0, 1112.0 ], [ 735.0, 1112.0 ], [ 737.0, 1112.0 ], [ 738.0, 1112.0 ], [ 740.0, 1112.0 ], [ 741.0, 1112.0 ], [ 742.0, 1112.0 ], [ 744.0, 1112.0 ], [ 745.0, 1112.0 ], [ 747.0, 1112.0 ], [ 748.0, 1112.0 ], [ 750.0, 1112.0 ], [ 751.0, 1112.0 ], [ 753.0, 1112.0 ], [ 754.0, 1112.0 ], [ 756.0, 1112.0 ], [ 757.0, 1112.0 ], [ 759.0, 1112.0 ], [ 759.0, 1110.0 ], [ 759.0, 1109.0 ], [ 759.0, 1107.0 ], [ 759.0, 1106.0 ], [ 759.0, 1104.0 ], [ 759.0, 1103.0 ], [ 759.0, 1101.0 ], [ 759.0, 1100.0 ], [ 759.0, 1098.0 ], [ 759.0, 1097.0 ], [ 760.0, 1095.0 ], [ 762.0, 1097.0 ], [ 762.0, 1098.0 ], [ 762.0, 1100.0 ], [ 762.0, 1101.0 ], [ 762.0, 1103.0 ], [ 762.0, 1104.0 ], [ 762.0, 1106.0 ], [ 762.0, 1107.0 ], [ 762.0, 1109.0 ], [ 762.0, 1110.0 ], [ 762.0, 1112.0 ], [ 763.0, 1112.0 ], [ 765.0, 1112.0 ], [ 766.0, 1112.0 ], [ 768.0, 1112.0 ], [ 769.0, 1112.0 ], [ 771.0, 1112.0 ], [ 772.0, 1112.0 ], [ 774.0, 1112.0 ], [ 775.0, 1112.0 ], [ 777.0, 1112.0 ], [ 778.0, 1112.0 ], [ 780.0, 1112.0 ], [ 781.0, 1112.0 ], [ 783.0, 1112.0 ], [ 784.0, 1112.0 ], [ 785.0, 1112.0 ], [ 787.0, 1112.0 ], [ 788.0, 1112.0 ], [ 790.0, 1112.0 ], [ 791.0, 1112.0 ], [ 793.0, 1112.0 ], [ 794.0, 1112.0 ], [ 796.0, 1112.0 ], [ 797.0, 1112.0 ], [ 799.0, 1112.0 ], [ 800.0, 1112.0 ], [ 802.0, 1112.0 ], [ 803.0, 1112.0 ], [ 805.0, 1112.0 ], [ 806.0, 1112.0 ], [ 808.0, 1112.0 ], [ 809.0, 1112.0 ], [ 811.0, 1112.0 ], [ 812.0, 1112.0 ], [ 814.0, 1112.0 ], [ 815.0, 1112.0 ], [ 817.0, 1112.0 ], [ 818.0, 1112.0 ], [ 820.0, 1112.0 ], [ 821.0, 1112.0 ], [ 823.0, 1112.0 ], [ 824.0, 1112.0 ], [ 826.0, 1112.0 ], [ 827.0, 1112.0 ], [ 828.0, 1112.0 ], [ 830.0, 1112.0 ], [ 831.0, 1112.0 ], [ 833.0, 1112.0 ], [ 834.0, 1112.0 ], [ 836.0, 1112.0 ], [ 837.0, 1112.0 ], [ 839.0, 1112.0 ], [ 840.0, 1112.0 ], [ 842.0, 1112.0 ], [ 843.0, 1112.0 ], [ 845.0, 1112.0 ], [ 846.0, 1112.0 ], [ 848.0, 1112.0 ], [ 849.0, 1112.0 ], [ 851.0, 1112.0 ], [ 852.0, 1112.0 ], [ 854.0, 1112.0 ], [ 855.0, 1112.0 ], [ 855.0, 1110.0 ], [ 855.0, 1109.0 ], [ 855.0, 1107.0 ], [ 855.0, 1106.0 ], [ 855.0, 1104.0 ], [ 855.0, 1103.0 ], [ 855.0, 1101.0 ], [ 855.0, 1100.0 ], [ 855.0, 1098.0 ], [ 855.0, 1097.0 ], [ 855.0, 1095.0 ], [ 855.0, 1094.0 ], [ 855.0, 1092.0 ], [ 855.0, 1091.0 ], [ 855.0, 1089.0 ], [ 855.0, 1088.0 ], [ 855.0, 1087.0 ], [ 855.0, 1085.0 ], [ 855.0, 1084.0 ], [ 855.0, 1082.0 ], [ 854.0, 1082.0 ], [ 852.0, 1082.0 ], [ 851.0, 1082.0 ], [ 849.0, 1082.0 ], [ 848.0, 1082.0 ], [ 846.0, 1082.0 ], [ 845.0, 1082.0 ], [ 843.0, 1082.0 ], [ 842.0, 1082.0 ], [ 840.0, 1081.0 ], [ 840.0, 1079.0 ], [ 840.0, 1078.0 ], [ 840.0, 1076.0 ], [ 840.0, 1075.0 ], [ 840.0, 1073.0 ], [ 840.0, 1072.0 ], [ 840.0, 1070.0 ], [ 839.0, 1069.0 ], [ 839.0, 1067.0 ], [ 839.0, 1066.0 ], [ 837.0, 1066.0 ], [ 836.0, 1066.0 ], [ 834.0, 1066.0 ], [ 833.0, 1066.0 ], [ 831.0, 1066.0 ], [ 830.0, 1066.0 ], [ 828.0, 1066.0 ], [ 827.0, 1066.0 ], [ 826.0, 1066.0 ], [ 824.0, 1066.0 ], [ 823.0, 1066.0 ], [ 821.0, 1066.0 ], [ 820.0, 1066.0 ], [ 818.0, 1066.0 ], [ 817.0, 1066.0 ], [ 815.0, 1066.0 ], [ 814.0, 1066.0 ], [ 812.0, 1066.0 ], [ 811.0, 1066.0 ], [ 809.0, 1066.0 ], [ 808.0, 1066.0 ], [ 806.0, 1066.0 ], [ 805.0, 1066.0 ], [ 803.0, 1066.0 ], [ 802.0, 1066.0 ], [ 800.0, 1066.0 ], [ 799.0, 1066.0 ], [ 797.0, 1066.0 ], [ 796.0, 1066.0 ], [ 794.0, 1066.0 ], [ 793.0, 1066.0 ], [ 791.0, 1066.0 ], [ 790.0, 1066.0 ], [ 788.0, 1066.0 ], [ 787.0, 1066.0 ], [ 785.0, 1066.0 ], [ 784.0, 1066.0 ], [ 783.0, 1066.0 ], [ 781.0, 1066.0 ], [ 780.0, 1066.0 ], [ 778.0, 1066.0 ], [ 777.0, 1066.0 ], [ 775.0, 1066.0 ], [ 774.0, 1066.0 ], [ 772.0, 1066.0 ], [ 771.0, 1066.0 ], [ 769.0, 1066.0 ], [ 768.0, 1066.0 ], [ 766.0, 1066.0 ], [ 765.0, 1066.0 ], [ 763.0, 1066.0 ], [ 762.0, 1066.0 ], [ 760.0, 1066.0 ], [ 759.0, 1066.0 ], [ 757.0, 1066.0 ], [ 756.0, 1066.0 ], [ 754.0, 1066.0 ], [ 753.0, 1066.0 ], [ 751.0, 1066.0 ], [ 750.0, 1066.0 ], [ 748.0, 1066.0 ], [ 747.0, 1066.0 ], [ 745.0, 1066.0 ], [ 744.0, 1066.0 ], [ 742.0, 1064.0 ], [ 744.0, 1063.0 ], [ 744.0, 1061.0 ], [ 744.0, 1060.0 ], [ 744.0, 1058.0 ], [ 744.0, 1057.0 ], [ 744.0, 1055.0 ], [ 744.0, 1054.0 ], [ 744.0, 1052.0 ], [ 744.0, 1051.0 ], [ 744.0, 1049.0 ], [ 744.0, 1048.0 ], [ 744.0, 1046.0 ], [ 744.0, 1045.0 ], [ 744.0, 1044.0 ], [ 744.0, 1042.0 ], [ 744.0, 1041.0 ], [ 744.0, 1039.0 ], [ 744.0, 1038.0 ], [ 744.0, 1036.0 ], [ 742.0, 1035.0 ], [ 742.0, 1033.0 ], [ 741.0, 1033.0 ], [ 740.0, 1033.0 ], [ 738.0, 1033.0 ], [ 737.0, 1033.0 ], [ 735.0, 1033.0 ], [ 734.0, 1033.0 ], [ 732.0, 1033.0 ], [ 731.0, 1033.0 ], [ 729.0, 1033.0 ], [ 728.0, 1033.0 ], [ 726.0, 1033.0 ], [ 725.0, 1033.0 ], [ 723.0, 1033.0 ], [ 722.0, 1033.0 ], [ 720.0, 1033.0 ], [ 719.0, 1033.0 ], [ 717.0, 1033.0 ], [ 716.0, 1033.0 ], [ 714.0, 1033.0 ], [ 713.0, 1033.0 ], [ 711.0, 1033.0 ], [ 710.0, 1033.0 ], [ 708.0, 1033.0 ], [ 707.0, 1033.0 ], [ 705.0, 1033.0 ], [ 704.0, 1033.0 ], [ 702.0, 1033.0 ], [ 701.0, 1033.0 ], [ 699.0, 1033.0 ], [ 698.0, 1033.0 ], [ 696.0, 1033.0 ], [ 695.0, 1033.0 ], [ 694.0, 1033.0 ], [ 692.0, 1033.0 ], [ 691.0, 1033.0 ], [ 689.0, 1033.0 ], [ 688.0, 1033.0 ], [ 686.0, 1033.0 ], [ 685.0, 1033.0 ], [ 683.0, 1033.0 ], [ 682.0, 1033.0 ], [ 680.0, 1033.0 ], [ 679.0, 1033.0 ], [ 677.0, 1033.0 ], [ 676.0, 1033.0 ], [ 674.0, 1033.0 ], [ 673.0, 1033.0 ], [ 671.0, 1033.0 ], [ 670.0, 1033.0 ], [ 668.0, 1033.0 ], [ 667.0, 1033.0 ], [ 665.0, 1033.0 ], [ 664.0, 1033.0 ], [ 662.0, 1033.0 ], [ 661.0, 1033.0 ], [ 659.0, 1033.0 ], [ 658.0, 1033.0 ], [ 656.0, 1033.0 ], [ 655.0, 1033.0 ], [ 653.0, 1033.0 ], [ 652.0, 1033.0 ], [ 651.0, 1033.0 ], [ 649.0, 1033.0 ], [ 648.0, 1032.0 ], [ 648.0, 1030.0 ], [ 648.0, 1029.0 ], [ 648.0, 1027.0 ], [ 648.0, 1026.0 ], [ 648.0, 1024.0 ], [ 648.0, 1023.0 ], [ 648.0, 1021.0 ], [ 648.0, 1020.0 ], [ 648.0, 1018.0 ], [ 646.0, 1018.0 ], [ 645.0, 1018.0 ], [ 643.0, 1017.0 ], [ 642.0, 1017.0 ], [ 640.0, 1017.0 ], [ 639.0, 1017.0 ], [ 637.0, 1017.0 ], [ 636.0, 1017.0 ], [ 634.0, 1017.0 ], [ 633.0, 1017.0 ], [ 631.0, 1017.0 ], [ 630.0, 1017.0 ], [ 628.0, 1017.0 ], [ 627.0, 1017.0 ], [ 625.0, 1017.0 ], [ 624.0, 1017.0 ], [ 622.0, 1017.0 ], [ 621.0, 1017.0 ], [ 619.0, 1017.0 ], [ 618.0, 1017.0 ], [ 616.0, 1017.0 ], [ 615.0, 1015.0 ], [ 615.0, 1014.0 ], [ 615.0, 1012.0 ], [ 615.0, 1011.0 ], [ 615.0, 1009.0 ], [ 615.0, 1008.0 ], [ 615.0, 1006.0 ], [ 615.0, 1005.0 ], [ 615.0, 1003.0 ], [ 615.0, 1002.0 ], [ 613.0, 1002.0 ], [ 612.0, 1002.0 ], [ 610.0, 1002.0 ], [ 609.0, 1002.0 ], [ 608.0, 1002.0 ], [ 606.0, 1002.0 ], [ 605.0, 1002.0 ], [ 603.0, 1002.0 ], [ 602.0, 1002.0 ], [ 600.0, 1002.0 ], [ 599.0, 1002.0 ], [ 597.0, 1002.0 ], [ 596.0, 1002.0 ], [ 594.0, 1002.0 ], [ 593.0, 1002.0 ], [ 591.0, 1002.0 ], [ 590.0, 1002.0 ], [ 588.0, 1002.0 ], [ 587.0, 1002.0 ], [ 585.0, 1002.0 ], [ 584.0, 1002.0 ], [ 582.0, 1002.0 ], [ 581.0, 1002.0 ], [ 579.0, 1002.0 ], [ 578.0, 1002.0 ], [ 576.0, 1002.0 ], [ 575.0, 1002.0 ], [ 573.0, 1002.0 ], [ 572.0, 1002.0 ], [ 570.0, 1002.0 ], [ 569.0, 1002.0 ], [ 567.0, 1002.0 ], [ 566.0, 1002.0 ], [ 565.0, 1002.0 ], [ 563.0, 1002.0 ], [ 562.0, 1002.0 ], [ 560.0, 1002.0 ], [ 559.0, 1002.0 ], [ 557.0, 1002.0 ], [ 556.0, 1002.0 ], [ 554.0, 1002.0 ], [ 553.0, 1002.0 ], [ 551.0, 1002.0 ], [ 550.0, 1002.0 ], [ 548.0, 1002.0 ], [ 547.0, 1002.0 ], [ 545.0, 1002.0 ], [ 544.0, 1002.0 ], [ 542.0, 1002.0 ], [ 541.0, 1002.0 ], [ 539.0, 1002.0 ], [ 538.0, 1002.0 ], [ 536.0, 1002.0 ], [ 535.0, 1002.0 ], [ 533.0, 1002.0 ], [ 532.0, 1002.0 ], [ 530.0, 1002.0 ], [ 529.0, 1002.0 ], [ 527.0, 1002.0 ], [ 526.0, 1002.0 ], [ 524.0, 1002.0 ], [ 523.0, 1002.0 ], [ 522.0, 1002.0 ], [ 520.0, 1002.0 ], [ 519.0, 1002.0 ], [ 517.0, 1002.0 ], [ 516.0, 1002.0 ], [ 514.0, 1002.0 ], [ 513.0, 1002.0 ], [ 511.0, 1002.0 ], [ 510.0, 1002.0 ], [ 508.0, 1002.0 ], [ 507.0, 1002.0 ], [ 505.0, 1002.0 ], [ 505.0, 1003.0 ], [ 505.0, 1005.0 ], [ 505.0, 1006.0 ], [ 505.0, 1008.0 ], [ 505.0, 1009.0 ], [ 505.0, 1011.0 ], [ 505.0, 1012.0 ], [ 505.0, 1014.0 ], [ 505.0, 1015.0 ], [ 505.0, 1017.0 ], [ 505.0, 1018.0 ], [ 505.0, 1020.0 ], [ 505.0, 1021.0 ], [ 505.0, 1023.0 ], [ 505.0, 1024.0 ], [ 505.0, 1026.0 ], [ 505.0, 1027.0 ], [ 505.0, 1029.0 ], [ 505.0, 1030.0 ], [ 505.0, 1032.0 ], [ 504.0, 1033.0 ], [ 502.0, 1033.0 ], [ 501.0, 1033.0 ], [ 499.0, 1033.0 ], [ 498.0, 1033.0 ], [ 496.0, 1033.0 ], [ 495.0, 1033.0 ], [ 493.0, 1033.0 ], [ 492.0, 1033.0 ], [ 490.0, 1033.0 ], [ 489.0, 1033.0 ], [ 487.0, 1032.0 ], [ 487.0, 1030.0 ], [ 487.0, 1029.0 ], [ 487.0, 1027.0 ], [ 487.0, 1026.0 ], [ 487.0, 1024.0 ], [ 487.0, 1023.0 ], [ 487.0, 1021.0 ], [ 487.0, 1020.0 ], [ 487.0, 1018.0 ], [ 487.0, 1017.0 ], [ 487.0, 1015.0 ], [ 487.0, 1014.0 ], [ 487.0, 1012.0 ], [ 487.0, 1011.0 ], [ 487.0, 1009.0 ], [ 487.0, 1008.0 ], [ 487.0, 1006.0 ], [ 487.0, 1005.0 ], [ 487.0, 1003.0 ], [ 486.0, 1002.0 ], [ 484.0, 1002.0 ], [ 483.0, 1002.0 ], [ 481.0, 1002.0 ], [ 480.0, 1002.0 ], [ 478.0, 1002.0 ], [ 477.0, 1002.0 ], [ 476.0, 1002.0 ], [ 474.0, 1002.0 ], [ 473.0, 1002.0 ], [ 471.0, 1002.0 ], [ 470.0, 1002.0 ], [ 468.0, 1002.0 ], [ 467.0, 1002.0 ], [ 465.0, 1002.0 ], [ 464.0, 1002.0 ], [ 462.0, 1002.0 ], [ 461.0, 1002.0 ], [ 459.0, 1002.0 ], [ 458.0, 1002.0 ], [ 456.0, 1002.0 ] ] ] } },
{ "type": "Feature", "properties": { "tissue_id": 1 }, "geometry": { "type": "Polygon", "coordinates": [ [ [ 1118.0, 87.0 ], [ 1116.0, 88.0 ], [ 1115.0, 88.0 ], [ 1113.0, 90.0 ], [ 1113.0, 91.0 ], [ 1113.0, 93.0 ], [ 1113.0, 94.0 ], [ 1113.0, 96.0 ], [ 1113.0, 97.0 ], [ 1113.0, 99.0 ], [ 1113.0, 100.0 ], [ 1113.0, 102.0 ], [ 1112.0, 103.0 ], [ 1110.0, 103.0 ], [ 1109.0, 103.0 ], [ 1107.0, 103.0 ], [ 1106.0, 103.0 ], [ 1104.0, 103.0 ], [ 1103.0, 103.0 ], [ 1101.0, 103.0 ], [ 1100.0, 103.0 ], [ 1098.0, 103.0 ], [ 1097.0, 103.0 ], [ 1095.0, 103.0 ], [ 1094.0, 103.0 ], [ 1092.0, 103.0 ], [ 1091.0, 103.0 ], [ 1089.0, 103.0 ], [ 1088.0, 103.0 ], [ 1087.0, 103.0 ], [ 1085.0, 103.0 ], [ 1084.0, 103.0 ], [ 1082.0, 103.0 ], [ 1081.0, 103.0 ], [ 1079.0, 103.0 ], [ 1078.0, 103.0 ], [ 1076.0, 103.0 ], [ 1075.0, 103.0 ], [ 1073.0, 103.0 ], [ 1072.0, 103.0 ], [ 1070.0, 103.0 ], [ 1069.0, 103.0 ], [ 1067.0, 103.0 ], [ 1066.0, 103.0 ], [ 1064.0, 103.0 ], [ 1063.0, 103.0 ], [ 1061.0, 103.0 ], [ 1060.0, 103.0 ], [ 1058.0, 103.0 ], [ 1057.0, 103.0 ], [ 1055.0, 103.0 ], [ 1054.0, 103.0 ], [ 1052.0, 103.0 ], [ 1051.0, 103.0 ], [ 1049.0, 105.0 ], [ 1049.0, 106.0 ], [ 1049.0, 108.0 ], [ 1049.0, 109.0 ], [ 1049.0, 111.0 ], [ 1049.0, 112.0 ], [ 1049.0, 114.0 ], [ 1049.0, 115.0 ], [ 1049.0, 117.0 ], [ 1049.0, 118.0 ], [ 1049.0, 120.0 ], [ 1049.0, 121.0 ], [ 1049.0, 123.0 ], [ 1049.0, 124.0 ], [ 1049.0, 126.0 ], [ 1049.0, 127.0 ], [ 1049.0, 129.0 ], [ 1049.0, 130.0 ], [ 1049.0, 131.0 ], [ 1049.0, 133.0 ], [ 1049.0, 134.0 ], [ 1048.0, 136.0 ], [ 1046.0, 136.0 ], [ 1045.0, 136.0 ], [ 1044.0, 136.0 ], [ 1042.0, 136.0 ], [ 1041.0, 136.0 ], [ 1039.0, 136.0 ], [ 1038.0, 136.0 ], [ 1036.0, 136.0 ], [ 1035.0, 136.0 ], [ 1033.0, 136.0 ], [ 1032.0, 136.0 ], [ 1030.0, 136.0 ], [ 1029.0, 136.0 ], [ 1027.0, 136.0 ], [ 1026.0, 136.0 ], [ 1024.0, 136.0 ], [ 1023.0, 136.0 ], [ 1021.0, 136.0 ], [ 1020.0, 136.0 ], [ 1018.0, 136.0 ], [ 1018.0, 137.0 ], [ 1018.0, 139.0 ], [ 1018.0, 140.0 ], [ 1018.0, 142.0 ], [ 1018.0, 143.0 ], [ 1018.0, 145.0 ], [ 1018.0, 146.0 ], [ 1018.0, 148.0 ], [ 1018.0, 149.0 ], [ 1018.0, 151.0 ], [ 1018.0, 152.0 ], [ 1018.0, 154.0 ], [ 1018.0, 155.0 ], [ 1018.0, 157.0 ], [ 1018.0, 158.0 ], [ 1018.0, 160.0 ], [ 1018.0, 161.0 ], [ 1018.0, 163.0 ], [ 1018.0, 164.0 ], [ 1018.0, 166.0 ], [ 1018.0, 167.0 ], [ 1017.0, 169.0 ], [ 1015.0, 167.0 ], [ 1015.0, 166.0 ], [ 1015.0, 164.0 ], [ 1015.0, 163.0 ], [ 1015.0, 161.0 ], [ 1015.0, 160.0 ], [ 1015.0, 158.0 ], [ 1015.0, 157.0 ], [ 1015.0, 155.0 ], [ 1015.0, 154.0 ], [ 1015.0, 152.0 ], [ 1015.0, 151.0 ], [ 1015.0, 149.0 ], [ 1015.0, 148.0 ], [ 1015.0, 146.0 ], [ 1015.0, 145.0 ], [ 1015.0, 143.0 ], [ 1015.0, 142.0 ], [ 1015.0, 140.0 ], [ 1015.0, 139.0 ], [ 1015.0, 137.0 ], [ 1015.0, 136.0 ], [ 1014.0, 136.0 ], [ 1012.0, 136.0 ], [ 1011.0, 136.0 ], [ 1009.0, 136.0 ], [ 1008.0, 136.0 ], [ 1006.0, 136.0 ], [ 1005.0, 136.0 ], [ 1003.0, 136.0 ], [ 1002.0, 136.0 ], [ 1001.0, 136.0 ], [ 999.0, 136.0 ], [ 998.0, 136.0 ], [ 996.0, 136.0 ], [ 995.0, 136.0 ], [ 993.0, 136.0 ], [ 992.0, 136.0 ], [ 990.0, 136.0 ], [ 989.0, 136.0 ], [ 987.0, 136.0 ], [ 986.0, 136.0 ], [ 986.0, 137.0 ], [ 986.0, 139.0 ], [ 986.0, 140.0 ], [ 986.0, 142.0 ], [ 986.0, 143.0 ], [ 986.0, 145.0 ], [ 986.0, 146.0 ], [ 986.0, 148.0 ], [ 986.0, 149.0 ], [ 986.0, 151.0 ], [ 986.0, 152.0 ], [ 986.0, 154.0 ], [ 986.0, 155.0 ], [ 986.0, 157.0 ], [ 986.0, 158.0 ], [ 986.0, 160.0 ], [ 986.0, 161.0 ], [ 986.0, 163.0 ], [ 986.0, 164.0 ], [ 986.0, 166.0 ], [ 986.0, 167.0 ], [ 986.0, 169.0 ], [ 986.0, 170.0 ], [ 986.0, 172.0 ], [ 986.0, 173.0 ], [ 986.0, 174.0 ], [ 986.0, 176.0 ], [ 986.0, 177.0 ], [ 986.0, 179.0 ], [ 986.0, 180.0 ], [ 986.0, 182.0 ], [ 984.0, 183.0 ], [ 983.0, 183.0 ], [ 981.0, 183.0 ], [ 980.0, 183.0 ], [ 978.0, 183.0 ], [ 977.0, 183.0 ], [ 975.0, 183.0 ], [ 974.0, 183.0 ], [ 972.0, 183.0 ], [ 971.0, 183.0 ], [ 969.0, 183.0 ], [ 968.0, 182.0 ], [ 968.0, 180.0 ], [ 968.0, 179.0 ], [ 968.0, 177.0 ], [ 968.0, 176.0 ], [ 968.0, 174.0 ], [ 968.0, 173.0 ], [ 968.0, 172.0 ], [ 968.0, 170.0 ], [ 968.0, 169.0 ], [ 966.0, 169.0 ], [ 965.0, 169.0 ], [ 963.0, 169.0 ], [ 962.0, 169.0 ], [ 960.0, 169.0 ], [ 959.0, 169.0 ], [ 957.0, 169.0 ], [ 956.0, 169.0 ], [ 955.0, 169.0 ], [ 953.0, 169.0 ], [ 952.0, 169.0 ], [ 950.0, 169.0 ], [ 949.0, 169.0 ], [ 947.0, 169.0 ], [ 946.0, 169.0 ], [ 944.0, 169.0 ], [ 943.0, 169.0 ], [ 941.0, 169.0 ], [ 940.0, 169.0 ], [ 938.0, 169.0 ], [ 937.0, 169.0 ], [ 935.0, 169.0 ], [ 934.0, 169.0 ], [ 932.0, 169.0 ], [ 931.0, 169.0 ], [ 929.0, 169.0 ], [ 928.0, 169.0 ], [ 926.0, 169.0 ], [ 925.0, 169.0 ], [ 923.0, 169.0 ], [ 922.0, 169.0 ], [ 922.0, 170.0 ], [ 922.0, 172.0 ], [ 922.0, 173.0 ], [ 922.0, 174.0 ], [ 922.0, 176.0 ], [ 922.0, 177.0 ], [ 922.0, 179.0 ], [ 922.0, 180.0 ], [ 922.0, 182.0 ], [ 920.0, 183.0 ], [ 919.0, 183.0 ], [ 917.0, 183.0 ], [ 916.0, 183.0 ], [ 914.0, 183.0 ], [ 913.0, 183.0 ], [ 912.0, 183.0 ], [ 910.0, 183.0 ], [ 909.0, 183.0 ], [ 907.0, 183.0 ], [ 906.0, 183.0 ], [ 904.0, 183.0 ], [ 903.0, 183.0 ], [ 901.0, 183.0 ], [ 900.0, 183.0 ], [ 898.0, 183.0 ], [ 897.0, 183.0 ], [ 895.0, 183.0 ], [ 894.0, 183.0 ], [ 892.0, 183.0 ], [ 891.0, 183.0 ], [ 889.0, 183.0 ], [ 888.0, 182.0 ], [ 888.0, 180.0 ], [ 888.0, 179.0 ], [ 888.0, 177.0 ], [ 888.0, 176.0 ], [ 888.0, 174.0 ], [ 888.0, 173.0 ], [ 888.0, 172.0 ], [ 888.0, 170.0 ], [ 888.0, 169.0 ], [ 888.0, 167.0 ], [ 888.0, 166.0 ], [ 888.0, 164.0 ], [ 888.0, 163.0 ], [ 888.0, 161.0 ], [ 888.0, 160.0 ], [ 888.0, 158.0 ], [ 888.0, 157.0 ], [ 888.0, 155.0 ], [ 888.0, 154.0 ], [ 888.0, 152.0 ], [ 886.0, 152.0 ], [ 885.0, 152.0 ], [ 883.0, 152.0 ], [ 882.0, 152.0 ], [ 880.0, 152.0 ], [ 879.0, 152.0 ], [ 877.0, 152.0 ], [ 876.0, 152.0 ], [ 874.0, 152.0 ], [ 873.0, 152.0 ], [ 871.0, 152.0 ], [ 870.0, 152.0 ], [ 869.0, 152.0 ], [ 867.0, 152.0 ], [ 866.0, 152.0 ], [ 864.0, 152.0 ], [ 863.0, 152.0 ], [ 861.0, 152.0 ], [ 860.0, 152.0 ], [ 858.0, 152.0 ], [ 857.0, 152.0 ], [ 855.0, 152.0 ], [ 854.0, 152.0 ], [ 852.0, 152.0 ], [ 851.0, 152.0 ], [ 849.0, 152.0 ], [ 848.0, 152.0 ], [ 846.0, 152.0 ], [ 845.0, 152.0 ], [ 843.0, 152.0 ], [ 842.0, 152.0 ], [ 840.0, 152.0 ], [ 839.0, 152.0 ], [ 837.0, 152.0 ], [ 836.0, 152.0 ], [ 834.0, 152.0 ], [ 833.0, 152.0 ], [ 831.0, 152.0 ], [ 830.0, 152.0 ], [ 828.0, 152.0 ], [ 827.0, 152.0 ], [ 826.0, 152.0 ], [ 824.0, 152.0 ], [ 823.0, 152.0 ], [ 821.0, 152.0 ], [ 820.0, 152.0 ], [ 818.0, 152.0 ], [ 817.0, 152.0 ], [ 815.0, 152.0 ], [ 814.0, 152.0 ], [ 812.0, 152.0 ], [ 811.0, 152.0 ], [ 809.0, 152.0 ], [ 809.0, 154.0 ], [ 809.0, 155.0 ], [ 809.0, 157.0 ], [ 809.0, 158.0 ], [ 809.0, 160.0 ], [ 809.0, 161.0 ], [ 809.0, 163.0 ], [ 809.0, 164.0 ], [ 809.0, 166.0 ], [ 809.0, 167.0 ], [ 809.0, 169.0 ], [ 809.0, 170.0 ], [ 809.0, 172.0 ], [ 809.0, 173.0 ], [ 809.0, 174.0 ], [ 809.0, 176.0 ], [ 809.0, 177.0 ], [ 809.0, 179.0 ], [ 809.0, 180.0 ], [ 809.0, 182.0 ], [ 809.0, 183.0 ], [ 809.0, 185.0 ], [ 809.0, 186.0 ], [ 809.0, 188.0 ], [ 809.0, 189.0 ], [ 809.0, 191.0 ], [ 809.0, 192.0 ], [ 809.0, 194.0 ], [ 809.0, 195.0 ], [ 809.0, 197.0 ], [ 809.0, 198.0 ], [ 811.0, 198.0 ], [ 812.0, 198.0 ], [ 814.0, 198.0 ], [ 815.0, 198.0 ], [ 817.0, 198.0 ], [ 818.0, 198.0 ], [ 820.0, 198.0 ], [ 821.0, 198.0 ], [ 823.0, 198.0 ], [ 824.0, 198.0 ], [ 826.0, 200.0 ], [ 826.0, 201.0 ], [ 826.0, 203.0 ], [ 826.0, 204.0 ], [ 826.0, 206.0 ], [ 826.0, 207.0 ], [ 826.0, 209.0 ], [ 826.0, 210.0 ], [ 826.0, 212.0 ], [ 826.0, 213.0 ], [ 826.0, 215.0 ], [ 827.0, 215.0 ], [ 828.0, 215.0 ], [ 830.0, 215.0 ], [ 831.0, 215.0 ], [ 833.0, 215.0 ], [ 834.0, 215.0 ], [ 836.0, 215.0 ], [ 837.0, 215.0 ], [ 839.0, 215.0 ], [ 840.0, 215.0 ], [ 842.0, 215.0 ], [ 843.0, 215.0 ], [ 845.0, 215.0 ], [ 846.0, 215.0 ], [ 848.0, 215.0 ], [ 849.0, 215.0 ], [ 851.0, 215.0 ], [ 852.0, 215.0 ], [ 854.0, 215.0 ], [ 855.0, 215.0 ], [ 857.0, 215.0 ], [ 858.0, 215.0 ], [ 860.0, 215.0 ], [ 861.0, 215.0 ], [ 863.0, 215.0 ], [ 864.0, 215.0 ], [ 866.0, 215.0 ], [ 867.0, 215.0 ], [ 869.0, 215.0 ], [ 870.0, 215.0 ], [ 871.0, 215.0 ], [ 873.0, 215.0 ], [ 874.0, 215.0 ], [ 876.0, 215.0 ], [ 877.0, 215.0 ], [ 879.0, 215.0 ], [ 880.0, 215.0 ], [ 882.0, 215.0 ], [ 883.0, 215.0 ], [ 885.0, 215.0 ], [ 886.0, 215.0 ], [ 888.0, 215.0 ], [ 889.0, 216.0 ], [ 889.0, 217.0 ], [ 889.0, 219.0 ], [ 889.0, 220.0 ], [ 889.0, 222.0 ], [ 889.0, 223.0 ], [ 889.0, 225.0 ], [ 889.0, 226.0 ], [ 889.0, 228.0 ], [ 889.0, 229.0 ], [ 889.0, 231.0 ], [ 889.0, 232.0 ], [ 889.0, 234.0 ], [ 889.0, 235.0 ], [ 889.0, 237.0 ], [ 889.0, 238.0 ], [ 889.0, 240.0 ], [ 889.0, 241.0 ], [ 889.0, 243.0 ], [ 889.0, 244.0 ], [ 889.0, 246.0 ], [ 889.0, 247.0 ], [ 889.0, 249.0 ], [ 889.0, 250.0 ], [ 889.0, 252.0 ], [ 889.0, 253.0 ], [ 889.0, 255.0 ], [ 889.0, 256.0 ], [ 889.0, 258.0 ], [ 889.0, 259.0 ], [ 889.0, 261.0 ], [ 889.0, 262.0 ], [ 889.0, 263.0 ], [ 889.0, 265.0 ], [ 889.0, 266.0 ], [ 889.0, 268.0 ], [ 889.0, 269.0 ], [ 889.0, 271.0 ], [ 889.0, 272.0 ], [ 889.0, 274.0 ], [ 889.0, 275.0 ], [ 889.0, 277.0 ], [ 889.0, 278.0 ], [ 889.0, 280.0 ], [ 889.0, 281.0 ], [ 889.0, 283.0 ], [ 889.0, 284.0 ], [ 889.0, 286.0 ], [ 889.0, 287.0 ], [ 889.0, 289.0 ], [ 889.0, 290.0 ], [ 889.0, 292.0 ], [ 889.0, 293.0 ], [ 889.0, 295.0 ], [ 889.0, 296.0 ], [ 889.0, 298.0 ], [ 889.0, 299.0 ], [ 889.0, 301.0 ], [ 889.0, 302.0 ], [ 889.0, 304.0 ], [ 889.0, 305.0 ], [ 889.0, 306.0 ], [ 889.0, 308.0 ], [ 889.0, 309.0 ], [ 889.0, 311.0 ], [ 888.0, 312.0 ], [ 886.0, 312.0 ], [ 885.0, 312.0 ], [ 883.0, 312.0 ], [ 882.0, 312.0 ], [ 880.0, 312.0 ], [ 879.0, 312.0 ], [ 877.0, 312.0 ], [ 876.0, 312.0 ], [ 874.0, 312.0 ], [ 873.0, 312.0 ], [ 873.0, 314.0 ], [ 873.0, 315.0 ], [ 873.0, 317.0 ], [ 873.0, 318.0 ], [ 873.0, 320.0 ], [ 873.0, 321.0 ], [ 873.0, 323.0 ], [ 873.0, 324.0 ], [ 873.0, 326.0 ], [ 873.0, 327.0 ], [ 873.0, 329.0 ], [ 873.0, 330.0 ], [ 873.0, 332.0 ], [ 873.0, 333.0 ], [ 873.0, 335.0 ], [ 873.0, 336.0 ], [ 873.0, 338.0 ], [ 873.0, 339.0 ], [ 873.0, 341.0 ], [ 873.0, 342.0 ], [ 874.0, 342.0 ], [ 876.0, 342.0 ], [ 877.0, 342.0 ], [ 879.0, 342.0 ], [ 880.0, 342.0 ], [ 882.0, 342.0 ], [ 883.0, 342.0 ], [ 885.0, 342.0 ], [ 886.0, 342.0 ], [ 888.0, 342.0 ], [ 889.0, 342.0 ], [ 891.0, 342.0 ], [ 892.0, 342.0 ], [ 894.0, 342.0 ], [ 895.0, 342.0 ], [ 897.0, 342.0 ], [ 898.0, 342.0 ], [ 900.0, 342.0 ], [ 901.0, 342.0 ], [ 903.0, 342.0 ], [ 904.0, 342.0 ], [ 906.0, 344.0 ], [ 906.0, 345.0 ], [ 906.0, 347.0 ], [ 906.0, 348.0 ], [ 906.0, 349.0 ], [ 906.0, 351.0 ], [ 906.0, 352.0 ], [ 906.0, 354.0 ], [ 906.0, 355.0 ], [ 906.0, 357.0 ], [ 906.0, 358.0 ], [ 907.0, 358.0 ], [ 909.0, 358.0 ], [ 910.0, 358.0 ], [ 912.0, 358.0 ], [ 913.0, 358.0 ], [ 914.0, 358.0 ], [ 916.0, 358.0 ], [ 917.0, 358.0 ], [ 919.0, 358.0 ], [ 920.0, 358.0 ], [ 922.0, 360.0 ], [ 922.0, 361.0 ], [ 922.0, 363.0 ], [ 922.0, 364.0 ], [ 922.0, 366.0 ], [ 922.0, 367.0 ], [ 922.0, 369.0 ], [ 922.0, 370.0 ], [ 922.0, 372.0 ], [ 922.0, 373.0 ], [ 922.0, 375.0 ], [ 923.0, 375.0 ], [ 925.0, 375.0 ], [ 926.0, 375.0 ], [ 928.0, 375.0 ], [ 929.0, 375.0 ], [ 931.0, 375.0 ], [ 932.0, 375.0 ], [ 934.0, 375.0 ], [ 935.0, 375.0 ], [ 937.0, 375.0 ], [ 938.0, 375.0 ], [ 940.0, 375.0 ], [ 941.0, 375.0 ], [ 943.0, 375.0 ], [ 944.0, 375.0 ], [ 946.0, 375.0 ], [ 947.0, 375.0 ], [ 949.0, 375.0 ], [ 950.0, 375.0 ], [ 952.0, 375.0 ], [ 953.0, 376.0 ], [ 953.0, 378.0 ], [ 953.0, 379.0 ], [ 953.0, 381.0 ], [ 953.0, 382.0 ], [ 953.0, 384.0 ], [ 953.0, 385.0 ], [ 953.0, 387.0 ], [ 953.0, 388.0 ], [ 953.0, 390.0 ], [ 953.0, 391.0 ], [ 953.0, 392.0 ], [ 953.0, 394.0 ], [ 953.0, 395.0 ], [ 953.0, 397.0 ], [ 953.0, 398.0 ], [ 953.0, 400.0 ], [ 953.0, 401.0 ], [ 953.0, 403.0 ], [ 953.0, 404.0 ], [ 953.0, 406.0 ], [ 953.0, 407.0 ], [ 953.0, 409.0 ], [ 953.0, 410.0 ], [ 953.0, 412.0 ], [ 953.0, 413.0 ], [ 953.0, 415.0 ], [ 953.0, 416.0 ], [ 953.0, 418.0 ], [ 953.0, 419.0 ], [ 953.0, 421.0 ], [ 953.0, 422.0 ], [ 953.0, 424.0 ], [ 953.0, 425.0 ], [ 953.0, 427.0 ], [ 953.0, 428.0 ], [ 953.0, 430.0 ], [ 953.0, 431.0 ], [ 953.0, 433.0 ], [ 953.0, 434.0 ], [ 953.0, 435.0 ], [ 953.0, 437.0 ], [ 955.0, 438.0 ], [ 955.0, 440.0 ], [ 953.0, 441.0 ], [ 953.0, 443.0 ], [ 953.0, 444.0 ], [ 953.0, 446.0 ], [ 953.0, 447.0 ], [ 953.0, 449.0 ], [ 953.0, 450.0 ], [ 953.0, 452.0 ], [ 953.0, 453.0 ], [ 953.0, 455.0 ], [ 952.0, 456.0 ], [ 950.0, 456.0 ], [ 949.0, 456.0 ], [ 947.0, 456.0 ], [ 946.0, 456.0 ], [ 944.0, 456.0 ], [ 943.0, 456.0 ], [ 941.0, 456.0 ], [ 940.0, 456.0 ], [ 938.0, 456.0 ], [ 938.0, 458.0 ], [ 938.0, 459.0 ], [ 937.0, 461.0 ], [ 935.0, 459.0 ], [ 935.0, 458.0 ], [ 935.0, 456.0 ], [ 934.0, 456.0 ], [ 932.0, 456.0 ], [ 931.0, 456.0 ], [ 929.0, 456.0 ], [ 928.0, 456.0 ], [ 926.0, 456.0 ], [ 925.0, 456.0 ], [ 923.0, 456.0 ], [ 922.0, 456.0 ], [ 920.0, 456.0 ], [ 919.0, 456.0 ], [ 917.0, 456.0 ], [ 916.0, 456.0 ], [ 914.0, 456.0 ], [ 913.0, 456.0 ], [ 912.0, 456.0 ], [ 910.0, 456.0 ], [ 909.0, 456.0 ], [ 907.0, 456.0 ], [ 906.0, 456.0 ], [ 904.0, 456.0 ], [ 903.0, 456.0 ], [ 901.0, 456.0 ], [ 900.0, 456.0 ], [ 898.0, 456.0 ], [ 897.0, 456.0 ], [ 895.0, 456.0 ], [ 894.0, 456.0 ], [ 892.0, 456.0 ], [ 891.0, 456.0 ], [ 889.0, 458.0 ], [ 889.0, 459.0 ], [ 889.0, 461.0 ], [ 889.0, 462.0 ], [ 889.0, 464.0 ], [ 889.0, 465.0 ], [ 889.0, 467.0 ], [ 889.0, 468.0 ], [ 889.0, 470.0 ], [ 889.0, 471.0 ], [ 889.0, 473.0 ], [ 889.0, 474.0 ], [ 889.0, 476.0 ], [ 889.0, 477.0 ], [ 889.0, 478.0 ], [ 889.0, 480.0 ], [ 889.0, 481.0 ], [ 889.0, 483.0 ], [ 889.0, 484.0 ], [ 889.0, 486.0 ], [ 889.0, 487.0 ], [ 889.0, 489.0 ], [ 889.0, 490.0 ], [ 889.0, 492.0 ], [ 889.0, 493.0 ], [ 889.0, 495.0 ], [ 889.0, 496.0 ], [ 889.0, 498.0 ], [ 889.0, 499.0 ], [ 889.0, 501.0 ], [ 889.0, 502.0 ], [ 889.0, 504.0 ], [ 889.0, 505.0 ], [ 889.0, 507.0 ], [ 889.0, 508.0 ], [ 889.0, 510.0 ], [ 889.0, 511.0 ], [ 889.0, 513.0 ], [ 889.0, 514.0 ], [ 889.0, 516.0 ], [ 889.0, 517.0 ], [ 889.0, 519.0 ], [ 891.0, 519.0 ], [ 892.0, 519.0 ], [ 894.0, 519.0 ], [ 895.0, 519.0 ], [ 897.0, 519.0 ], [ 898.0, 519.0 ], [ 900.0, 519.0 ], [ 901.0, 519.0 ], [ 903.0, 519.0 ], [ 904.0, 519.0 ], [ 906.0, 519.0 ], [ 907.0, 519.0 ], [ 909.0, 519.0 ], [ 910.0, 519.0 ], [ 912.0, 519.0 ], [ 913.0, 519.0 ], [ 914.0, 519.0 ], [ 916.0, 519.0 ], [ 917.0, 519.0 ], [ 919.0, 519.0 ], [ 920.0, 519.0 ], [ 922.0, 520.0 ], [ 922.0, 522.0 ], [ 922.0, 523.0 ], [ 922.0, 524.0 ], [ 922.0, 526.0 ], [ 922.0, 527.0 ], [ 922.0, 529.0 ], [ 922.0, 530.0 ], [ 922.0, 532.0 ], [ 922.0, 533.0 ], [ 922.0, 535.0 ], [ 923.0, 535.0 ], [ 925.0, 535.0 ], [ 926.0, 535.0 ], [ 928.0, 535.0 ], [ 929.0, 535.0 ], [ 931.0, 535.0 ], [ 932.0, 535.0 ], [ 934.0, 535.0 ], [ 935.0, 535.0 ], [ 937.0, 535.0 ], [ 938.0, 535.0 ], [ 940.0, 535.0 ], [ 941.0, 535.0 ], [ 943.0, 535.0 ], [ 944.0, 535.0 ], [ 946.0, 535.0 ], [ 947.0, 535.0 ], [ 949.0, 535.0 ], [ 950.0, 535.0 ], [ 952.0, 535.0 ], [ 952.0, 533.0 ], [ 952.0, 532.0 ], [ 952.0, 530.0 ], [ 952.0, 529.0 ], [ 952.0, 527.0 ], [ 952.0, 526.0 ], [ 952.0, 524.0 ], [ 952.0, 523.0 ], [ 952.0, 522.0 ], [ 952.0, 520.0 ], [ 953.0, 519.0 ], [ 955.0, 519.0 ], [ 956.0, 519.0 ], [ 957.0, 519.0 ], [ 959.0, 519.0 ], [ 960.0, 519.0 ], [ 962.0, 519.0 ], [ 963.0, 519.0 ], [ 965.0, 519.0 ], [ 966.0, 519.0 ], [ 968.0, 519.0 ], [ 969.0, 519.0 ], [ 971.0, 519.0 ], [ 972.0, 519.0 ], [ 974.0, 519.0 ], [ 975.0, 519.0 ], [ 977.0, 519.0 ], [ 978.0, 519.0 ], [ 980.0, 519.0 ], [ 981.0, 519.0 ], [ 983.0, 519.0 ], [ 984.0, 519.0 ], [ 986.0, 519.0 ], [ 987.0, 519.0 ], [ 989.0, 519.0 ], [ 990.0, 519.0 ], [ 992.0, 519.0 ], [ 993.0, 519.0 ], [ 995.0, 519.0 ], [ 996.0, 519.0 ], [ 998.0, 519.0 ], [ 999.0, 519.0 ], [ 1001.0, 517.0 ], [ 1001.0, 516.0 ], [ 1001.0, 514.0 ], [ 1001.0, 513.0 ], [ 1001.0, 511.0 ], [ 1001.0, 510.0 ], [ 1001.0, 508.0 ], [ 1001.0, 507.0 ], [ 1001.0, 505.0 ], [ 1001.0, 504.0 ], [ 1002.0, 502.0 ], [ 1003.0, 502.0 ], [ 1005.0, 502.0 ], [ 1006.0, 502.0 ], [ 1008.0, 502.0 ], [ 1009.0, 502.0 ], [ 1011.0, 502.0 ], [ 1012.0, 502.0 ], [ 1014.0, 502.0 ], [ 1015.0, 502.0 ], [ 1017.0, 502.0 ], [ 1018.0, 502.0 ], [ 1020.0, 502.0 ], [ 1021.0, 502.0 ], [ 1023.0, 502.0 ], [ 1024.0, 502.0 ], [ 1026.0, 502.0 ], [ 1027.0, 502.0 ], [ 1029.0, 502.0 ], [ 1030.0, 502.0 ], [ 1032.0, 502.0 ], [ 1033.0, 504.0 ], [ 1033.0, 505.0 ], [ 1033.0, 507.0 ], [ 1033.0, 508.0 ], [ 1033.0, 510.0 ], [ 1033.0, 511.0 ], [ 1033.0, 513.0 ], [ 1033.0, 514.0 ], [ 1033.0, 516.0 ], [ 1033.0, 517.0 ], [ 1035.0, 519.0 ], [ 1036.0, 519.0 ], [ 1038.0, 519.0 ], [ 1039.0, 519.0 ], [ 1041.0, 519.0 ], [ 1042.0, 519.0 ], [ 1044.0, 519.0 ], [ 1045.0, 519.0 ], [ 1046.0, 519.0 ], [ 1048.0, 519.0 ], [ 1049.0, 519.0 ], [ 1051.0, 519.0 ], [ 1052.0, 519.0 ], [ 1054.0, 519.0 ], [ 1055.0, 519.0 ], [ 1057.0, 519.0 ], [ 1058.0, 519.0 ], [ 1060.0, 519.0 ], [ 1061.0, 519.0 ], [ 1063.0, 519.0 ], [ 1064.0, 519.0 ], [ 1066.0, 520.0 ], [ 1066.0, 522.0 ], [ 1066.0, 523.0 ], [ 1066.0, 524.0 ], [ 1066.0, 526.0 ], [ 1066.0, 527.0 ], [ 1066.0, 529.0 ], [ 1066.0, 530.0 ], [ 1066.0, 532.0 ], [ 1066.0, 533.0 ], [ 1066.0, 535.0 ], [ 1066.0, 536.0 ], [ 1066.0, 538.0 ], [ 1066.0, 539.0 ], [ 1066.0, 541.0 ], [ 1066.0, 542.0 ], [ 1066.0, 544.0 ], [ 1066.0, 545.0 ], [ 1066.0, 547.0 ], [ 1066.0, 548.0 ], [ 1066.0, 550.0 ], [ 1066.0, 551.0 ], [ 1066.0, 553.0 ], [ 1066.0, 554.0 ], [ 1066.0, 556.0 ], [ 1066.0, 557.0 ], [ 1066.0, 559.0 ], [ 1066.0, 560.0 ], [ 1066.0, 562.0 ], [ 1066.0, 563.0 ], [ 1066.0, 565.0 ], [ 1066.0, 566.0 ], [ 1067.0, 567.0 ], [ 1066.0, 569.0 ], [ 1064.0, 569.0 ], [ 1063.0, 569.0 ], [ 1061.0, 569.0 ], [ 1060.0, 569.0 ], [ 1058.0, 569.0 ], [ 1057.0, 569.0 ], [ 1055.0, 569.0 ], [ 1054.0, 569.0 ], [ 1052.0, 569.0 ], [ 1051.0, 569.0 ], [ 1049.0, 569.0 ], [ 1049.0, 570.0 ], [ 1049.0, 572.0 ], [ 1049.0, 573.0 ], [ 1049.0, 575.0 ], [ 1049.0, 576.0 ], [ 1049.0, 578.0 ], [ 1049.0, 579.0 ], [ 1049.0, 581.0 ], [ 1049.0, 582.0 ], [ 1049.0, 584.0 ], [ 1049.0, 585.0 ], [ 1049.0, 587.0 ], [ 1049.0, 588.0 ], [ 1049.0, 590.0 ], [ 1049.0, 591.0 ], [ 1049.0, 593.0 ], [ 1049.0, 594.0 ], [ 1049.0, 596.0 ], [ 1049.0, 597.0 ], [ 1049.0, 599.0 ], [ 1051.0, 600.0 ], [ 1049.0, 602.0 ], [ 1049.0, 603.0 ], [ 1049.0, 605.0 ], [ 1049.0, 606.0 ], [ 1049.0, 608.0 ], [ 1049.0, 609.0 ], [ 1049.0, 610.0 ], [ 1049.0, 612.0 ], [ 1049.0, 613.0 ], [ 1049.0, 615.0 ], [ 1048.0, 616.0 ], [ 1046.0, 616.0 ], [ 1045.0, 616.0 ], [ 1044.0, 616.0 ], [ 1042.0, 616.0 ], [ 1041.0, 616.0 ], [ 1039.0, 616.0 ], [ 1038.0, 616.0 ], [ 1036.0, 616.0 ], [ 1035.0, 616.0 ], [ 1033.0, 618.0 ], [ 1033.0, 619.0 ], [ 1033.0, 621.0 ], [ 1033.0, 622.0 ], [ 1033.0, 624.0 ], [ 1033.0, 625.0 ], [ 1033.0, 627.0 ], [ 1033.0, 628.0 ], [ 1033.0, 630.0 ], [ 1033.0, 631.0 ], [ 1033.0, 633.0 ], [ 1033.0, 634.0 ], [ 1033.0, 636.0 ], [ 1033.0, 637.0 ], [ 1033.0, 639.0 ], [ 1033.0, 640.0 ], [ 1033.0, 642.0 ], [ 1033.0, 643.0 ], [ 1033.0, 645.0 ], [ 1033.0, 646.0 ], [ 1033.0, 648.0 ], [ 1032.0, 649.0 ], [ 1030.0, 649.0 ], [ 1029.0, 649.0 ], [ 1027.0, 649.0 ], [ 1026.0, 649.0 ], [ 1024.0, 649.0 ], [ 1023.0, 649.0 ], [ 1021.0, 649.0 ], [ 1020.0, 649.0 ], [ 1018.0, 649.0 ], [ 1018.0, 651.0 ], [ 1018.0, 652.0 ], [ 1018.0, 653.0 ], [ 1018.0, 655.0 ], [ 1018.0, 656.0 ], [ 1018.0, 658.0 ], [ 1018.0, 659.0 ], [ 1018.0, 661.0 ], [ 1018.0, 662.0 ], [ 1018.0, 664.0 ], [ 1018.0, 665.0 ], [ 1018.0, 667.0 ], [ 1018.0, 668.0 ], [ 1018.0, 670.0 ], [ 1018.0, 671.0 ], [ 1018.0, 673.0 ], [ 1018.0, 674.0 ], [ 1018.0, 676.0 ], [ 1018.0, 677.0 ], [ 1018.0, 679.0 ], [ 1020.0, 679.0 ], [ 1021.0, 679.0 ], [ 1023.0, 679.0 ], [ 1024.0, 679.0 ], [ 1026.0, 679.0 ], [ 1027.0, 679.0 ], [ 1029.0, 679.0 ], [ 1030.0, 679.0 ], [ 1032.0, 679.0 ], [ 1033.0, 679.0 ], [ 1035.0, 679.0 ], [ 1036.0, 679.0 ], [ 1038.0, 680.0 ], [ 1036.0, 682.0 ], [ 1035.0, 682.0 ], [ 1033.0, 683.0 ], [ 1033.0, 685.0 ], [ 1033.0, 686.0 ], [ 1033.0, 688.0 ], [ 1033.0, 689.0 ], [ 1033.0, 691.0 ], [ 1033.0, 692.0 ], [ 1033.0, 694.0 ], [ 1033.0, 695.0 ], [ 1033.0, 696.0 ], [ 1033.0, 698.0 ], [ 1033.0, 699.0 ], [ 1033.0, 701.0 ], [ 1033.0, 702.0 ], [ 1033.0, 704.0 ], [ 1033.0, 705.0 ], [ 1033.0, 707.0 ], [ 1033.0, 708.0 ], [ 1033.0, 710.0 ], [ 1033.0, 711.0 ], [ 1033.0, 713.0 ], [ 1033.0, 714.0 ], [ 1033.0, 716.0 ], [ 1033.0, 717.0 ], [ 1033.0, 719.0 ], [ 1033.0, 720.0 ], [ 1033.0, 722.0 ], [ 1033.0, 723.0 ], [ 1033.0, 725.0 ], [ 1033.0, 726.0 ], [ 1035.0, 728.0 ], [ 1033.0, 729.0 ], [ 1032.0, 729.0 ], [ 1030.0, 729.0 ], [ 1029.0, 729.0 ], [ 1027.0, 729.0 ], [ 1026.0, 729.0 ], [ 1024.0, 729.0 ], [ 1023.0, 729.0 ], [ 1021.0, 729.0 ], [ 1020.0, 729.0 ], [ 1018.0, 729.0 ], [ 1018.0, 731.0 ], [ 1018.0, 732.0 ], [ 1018.0, 734.0 ], [ 1018.0, 735.0 ], [ 1018.0, 737.0 ], [ 1018.0, 738.0 ], [ 1018.0, 740.0 ], [ 1018.0, 741.0 ], [ 1018.0, 742.0 ], [ 1018.0, 744.0 ], [ 1018.0, 745.0 ], [ 1018.0, 747.0 ], [ 1018.0, 748.0 ], [ 1018.0, 750.0 ], [ 1018.0, 751.0 ], [ 1018.0, 753.0 ], [ 1018.0, 754.0 ], [ 1018.0, 756.0 ], [ 1018.0, 757.0 ], [ 1018.0, 759.0 ], [ 1018.0, 760.0 ], [ 1017.0, 762.0 ], [ 1015.0, 762.0 ], [ 1014.0, 762.0 ], [ 1012.0, 762.0 ], [ 1011.0, 762.0 ], [ 1009.0, 762.0 ], [ 1008.0, 762.0 ], [ 1006.0, 762.0 ], [ 1005.0, 762.0 ], [ 1003.0, 762.0 ], [ 1002.0, 762.0 ], [ 1002.0, 763.0 ], [ 1002.0, 765.0 ], [ 1002.0, 766.0 ], [ 1002.0, 768.0 ], [ 1002.0, 769.0 ], [ 1002.0, 771.0 ], [ 1002.0, 772.0 ], [ 1002.0, 774.0 ], [ 1002.0, 775.0 ], [ 1002.0, 777.0 ], [ 1002.0, 778.0 ], [ 1002.0, 780.0 ], [ 1002.0, 781.0 ], [ 1002.0, 783.0 ], [ 1002.0, 784.0 ], [ 1002.0, 785.0 ], [ 1002.0, 787.0 ], [ 1002.0, 788.0 ], [ 1002.0, 790.0 ], [ 1002.0, 791.0 ], [ 1002.0, 793.0 ], [ 1002.0, 794.0 ], [ 1002.0, 796.0 ], [ 1002.0, 797.0 ], [ 1002.0, 799.0 ], [ 1002.0, 800.0 ], [ 1002.0, 802.0 ], [ 1002.0, 803.0 ], [ 1002.0, 805.0 ], [ 1002.0, 806.0 ], [ 1002.0, 808.0 ], [ 1001.0, 809.0 ], [ 999.0, 809.0 ], [ 998.0, 809.0 ], [ 996.0, 809.0 ], [ 995.0, 809.0 ], [ 993.0, 809.0 ], [ 992.0, 809.0 ], [ 990.0, 809.0 ], [ 989.0, 809.0 ], [ 987.0, 809.0 ], [ 986.0, 809.0 ], [ 986.0, 811.0 ], [ 986.0, 812.0 ], [ 986.0, 814.0 ], [ 986.0, 815.0 ], [ 986.0, 817.0 ], [ 986.0, 818.0 ], [ 986.0, 820.0 ], [ 986.0, 821.0 ], [ 986.0, 823.0 ], [ 986.0, 824.0 ], [ 986.0, 826.0 ], [ 986.0, 827.0 ], [ 986.0, 828.0 ], [ 986.0, 830.0 ], [ 986.0, 831.0 ], [ 986.0, 833.0 ], [ 986.0, 834.0 ], [ 986.0, 836.0 ], [ 986.0, 837.0 ], [ 986.0, 839.0 ], [ 987.0, 839.0 ], [ 989.0, 839.0 ], [ 990.0, 839.0 ], [ 992.0, 839.0 ], [ 993.0, 839.0 ], [ 995.0, 839.0 ], [ 996.0, 839.0 ], [ 998.0, 839.0 ], [ 999.0, 839.0 ], [ 1001.0, 839.0 ], [ 1002.0, 839.0 ], [ 1003.0, 839.0 ], [ 1005.0, 839.0 ], [ 1006.0, 839.0 ], [ 1008.0, 839.0 ], [ 1009.0, 839.0 ], [ 1011.0, 839.0 ], [ 1012.0, 839.0 ], [ 1014.0, 839.0 ], [ 1015.0, 839.0 ], [ 1017.0, 839.0 ], [ 1018.0, 840.0 ], [ 1017.0, 842.0 ], [ 1015.0, 842.0 ], [ 1014.0, 842.0 ], [ 1012.0, 842.0 ], [ 1011.0, 842.0 ], [ 1009.0, 842.0 ], [ 1008.0, 842.0 ], [ 1006.0, 842.0 ], [ 1005.0, 842.0 ], [ 1003.0, 842.0 ], [ 1002.0, 842.0 ], [ 1001.0, 843.0 ], [ 999.0, 842.0 ], [ 998.0, 842.0 ], [ 996.0, 842.0 ], [ 995.0, 842.0 ], [ 993.0, 842.0 ], [ 992.0, 842.0 ], [ 990.0, 842.0 ], [ 989.0, 842.0 ], [ 987.0, 842.0 ], [ 986.0, 842.0 ], [ 984.0, 842.0 ], [ 983.0, 842.0 ], [ 981.0, 842.0 ], [ 980.0, 842.0 ], [ 978.0, 842.0 ], [ 977.0, 842.0 ], [ 975.0, 842.0 ], [ 974.0, 842.0 ], [ 972.0, 842.0 ], [ 971.0, 842.0 ], [ 969.0, 842.0 ], [ 969.0, 843.0 ], [ 969.0, 845.0 ], [ 969.0, 846.0 ], [ 969.0, 848.0 ], [ 969.0, 849.0 ], [ 969.0, 851.0 ], [ 969.0, 852.0 ], [ 969.0, 854.0 ], [ 969.0, 855.0 ], [ 968.0, 857.0 ], [ 966.0, 857.0 ], [ 965.0, 857.0 ], [ 963.0, 857.0 ], [ 962.0, 857.0 ], [ 960.0, 857.0 ], [ 959.0, 857.0 ], [ 957.0, 857.0 ], [ 956.0, 857.0 ], [ 955.0, 858.0 ], [ 953.0, 858.0 ], [ 952.0, 857.0 ], [ 952.0, 855.0 ], [ 952.0, 854.0 ], [ 952.0, 852.0 ], [ 952.0, 851.0 ], [ 952.0, 849.0 ], [ 952.0, 848.0 ], [ 952.0, 846.0 ], [ 952.0, 845.0 ], [ 952.0, 843.0 ], [ 952.0, 842.0 ], [ 952.0, 840.0 ], [ 952.0, 839.0 ], [ 952.0, 837.0 ], [ 952.0, 836.0 ], [ 952.0, 834.0 ], [ 952.0, 833.0 ], [ 952.0, 831.0 ], [ 952.0, 830.0 ], [ 952.0, 828.0 ], [ 952.0, 827.0 ], [ 952.0, 826.0 ], [ 950.0, 826.0 ], [ 949.0, 826.0 ], [ 947.0, 826.0 ], [ 946.0, 826.0 ], [ 944.0, 826.0 ], [ 943.0, 826.0 ], [ 941.0, 826.0 ], [ 940.0, 826.0 ], [ 938.0, 826.0 ], [ 937.0, 826.0 ], [ 935.0, 826.0 ], [ 934.0, 826.0 ], [ 932.0, 826.0 ], [ 931.0, 826.0 ], [ 929.0, 826.0 ], [ 928.0, 826.0 ], [ 926.0, 826.0 ], [ 925.0, 826.0 ], [ 923.0, 826.0 ], [ 922.0, 826.0 ], [ 920.0, 826.0 ], [ 919.0, 826.0 ], [ 917.0, 826.0 ], [ 916.0, 826.0 ], [ 914.0, 826.0 ], [ 913.0, 826.0 ], [ 912.0, 826.0 ], [ 910.0, 826.0 ], [ 909.0, 826.0 ], [ 907.0, 826.0 ], [ 906.0, 826.0 ], [ 906.0, 827.0 ], [ 906.0, 828.0 ], [ 906.0, 830.0 ], [ 906.0, 831.0 ], [ 906.0, 833.0 ], [ 906.0, 834.0 ], [ 906.0, 836.0 ], [ 906.0, 837.0 ], [ 906.0, 839.0 ], [ 906.0, 840.0 ], [ 906.0, 842.0 ], [ 906.0, 843.0 ], [ 906.0, 845.0 ], [ 906.0, 846.0 ], [ 906.0, 848.0 ], [ 906.0, 849.0 ], [ 906.0, 851.0 ], [ 906.0, 852.0 ], [ 906.0, 854.0 ], [ 906.0, 855.0 ], [ 906.0, 857.0 ], [ 906.0, 858.0 ], [ 906.0, 860.0 ], [ 906.0, 861.0 ], [ 906.0, 863.0 ], [ 906.0, 864.0 ], [ 906.0, 866.0 ], [ 906.0, 867.0 ], [ 906.0, 869.0 ], [ 906.0, 870.0 ], [ 906.0, 871.0 ], [ 906.0, 873.0 ], [ 906.0, 874.0 ], [ 906.0, 876.0 ], [ 906.0, 877.0 ], [ 906.0, 879.0 ], [ 906.0, 880.0 ], [ 906.0, 882.0 ], [ 906.0, 883.0 ], [ 906.0, 885.0 ], [ 906.0, 886.0 ], [ 906.0, 888.0 ], [ 906.0, 889.0 ], [ 906.0, 891.0 ], [ 906.0, 892.0 ], [ 906.0, 894.0 ], [ 906.0, 895.0 ], [ 906.0, 897.0 ], [ 906.0, 898.0 ], [ 906.0, 900.0 ], [ 906.0, 901.0 ], [ 906.0, 903.0 ], [ 906.0, 904.0 ], [ 904.0, 906.0 ], [ 903.0, 906.0 ], [ 901.0, 906.0 ], [ 900.0, 906.0 ], [ 898.0, 906.0 ], [ 897.0, 906.0 ], [ 895.0, 906.0 ], [ 894.0, 906.0 ], [ 892.0, 906.0 ], [ 891.0, 906.0 ], [ 889.0, 906.0 ], [ 889.0, 907.0 ], [ 889.0, 909.0 ], [ 889.0, 910.0 ], [ 889.0, 912.0 ], [ 889.0, 913.0 ], [ 889.0, 914.0 ], [ 889.0, 916.0 ], [ 889.0, 917.0 ], [ 889.0, 919.0 ], [ 889.0, 920.0 ], [ 889.0, 922.0 ], [ 889.0, 923.0 ], [ 889.0, 925.0 ], [ 889.0, 926.0 ], [ 889.0, 928.0 ], [ 889.0, 929.0 ], [ 889.0, 931.0 ], [ 889.0, 932.0 ], [ 889.0, 934.0 ], [ 889.0, 935.0 ], [ 888.0, 937.0 ], [ 886.0, 937.0 ], [ 885.0, 937.0 ], [ 883.0, 937.0 ], [ 882.0, 937.0 ], [ 880.0, 937.0 ], [ 879.0, 937.0 ], [ 877.0, 937.0 ], [ 876.0, 938.0 ], [ 874.0, 938.0 ], [ 873.0, 938.0 ], [ 873.0, 940.0 ], [ 873.0, 941.0 ], [ 873.0, 943.0 ], [ 873.0, 944.0 ], [ 873.0, 946.0 ], [ 873.0, 947.0 ], [ 873.0, 949.0 ], [ 873.0, 950.0 ], [ 873.0, 952.0 ], [ 873.0, 953.0 ], [ 873.0, 955.0 ], [ 873.0, 956.0 ], [ 873.0, 957.0 ], [ 873.0, 959.0 ], [ 873.0, 960.0 ], [ 873.0, 962.0 ], [ 873.0, 963.0 ], [ 873.0, 965.0 ], [ 873.0, 966.0 ], [ 873.0, 968.0 ], [ 871.0, 969.0 ], [ 870.0, 969.0 ], [ 869.0, 969.0 ], [ 867.0, 969.0 ], [ 866.0, 969.0 ], [ 864.0, 969.0 ], [ 863.0, 969.0 ], [ 861.0, 969.0 ], [ 860.0, 969.0 ], [ 858.0, 969.0 ], [ 858.0, 971.0 ], [ 858.0, 972.0 ], [ 857.0, 974.0 ], [ 857.0, 975.0 ], [ 857.0, 977.0 ], [ 857.0, 978.0 ], [ 857.0, 980.0 ], [ 857.0, 981.0 ], [ 857.0, 983.0 ], [ 857.0, 984.0 ], [ 855.0, 986.0 ], [ 854.0, 986.0 ], [ 852.0, 986.0 ], [ 851.0, 986.0 ], [ 849.0, 986.0 ], [ 848.0, 986.0 ], [ 846.0, 986.0 ], [ 845.0, 986.0 ], [ 843.0, 986.0 ], [ 842.0, 986.0 ], [ 842.0, 987.0 ], [ 842.0, 989.0 ], [ 842.0, 990.0 ], [ 842.0, 992.0 ], [ 842.0, 993.0 ], [ 842.0, 995.0 ], [ 842.0, 996.0 ], [ 842.0, 998.0 ], [ 842.0, 999.0 ], [ 842.0, 1001.0 ], [ 842.0, 1002.0 ], [ 842.0, 1003.0 ], [ 842.0, 1005.0 ], [ 842.0, 1006.0 ], [ 842.0, 1008.0 ], [ 842.0, 1009.0 ], [ 842.0, 1011.0 ], [ 842.0, 1012.0 ], [ 842.0, 1014.0 ], [ 842.0, 1015.0 ], [ 840.0, 1017.0 ], [ 839.0, 1017.0 ], [ 837.0, 1017.0 ], [ 836.0, 1017.0 ], [ 834.0, 1017.0 ], [ 833.0, 1017.0 ], [ 831.0, 1017.0 ], [ 830.0, 1017.0 ], [ 828.0, 1017.0 ], [ 827.0, 1018.0 ], [ 826.0, 1018.0 ], [ 826.0, 1020.0 ], [ 826.0, 1021.0 ], [ 826.0, 1023.0 ], [ 826.0, 1024.0 ], [ 826.0, 1026.0 ], [ 826.0, 1027.0 ], [ 826.0, 1029.0 ], [ 826.0, 1030.0 ], [ 826.0, 1032.0 ], [ 826.0, 1033.0 ], [ 826.0, 1035.0 ], [ 826.0, 1036.0 ], [ 826.0, 1038.0 ], [ 826.0, 1039.0 ], [ 826.0, 1041.0 ], [ 826.0, 1042.0 ], [ 826.0, 1044.0 ], [ 826.0, 1045.0 ], [ 826.0, 1046.0 ], [ 826.0, 1048.0 ], [ 827.0, 1048.0 ], [ 828.0, 1048.0 ], [ 830.0, 1048.0 ], [ 831.0, 1048.0 ], [ 833.0, 1048.0 ], [ 834.0, 1048.0 ], [ 836.0, 1048.0 ], [ 837.0, 1048.0 ], [ 839.0, 1048.0 ], [ 840.0, 1048.0 ], [ 842.0, 1048.0 ], [ 843.0, 1048.0 ], [ 845.0, 1048.0 ], [ 846.0, 1048.0 ], [ 848.0, 1048.0 ], [ 849.0, 1048.0 ], [ 851.0, 1048.0 ], [ 852.0, 1048.0 ], [ 854.0, 1048.0 ], [ 855.0, 1048.0 ], [ 857.0, 1049.0 ], [ 857.0, 1051.0 ], [ 857.0, 1052.0 ], [ 857.0, 1054.0 ], [ 857.0, 1055.0 ], [ 857.0, 1057.0 ], [ 857.0, 1058.0 ], [ 857.0, 1060.0 ], [ 857.0, 1061.0 ], [ 857.0, 1063.0 ], [ 857.0, 1064.0 ], [ 857.0, 1066.0 ], [ 857.0, 1067.0 ], [ 857.0, 1069.0 ], [ 857.0, 1070.0 ], [ 857.0, 1072.0 ], [ 857.0, 1073.0 ], [ 857.0, 1075.0 ], [ 857.0, 1076.0 ], [ 858.0, 1078.0 ], [ 858.0, 1079.0 ], [ 860.0, 1081.0 ], [ 861.0, 1081.0 ], [ 863.0, 1081.0 ], [ 864.0, 1081.0 ], [ 866.0, 1081.0 ], [ 867.0, 1081.0 ], [ 869.0, 1081.0 ], [ 870.0, 1081.0 ], [ 871.0, 1081.0 ], [ 873.0, 1082.0 ], [ 873.0, 1084.0 ], [ 873.0, 1085.0 ], [ 873.0, 1087.0 ], [ 873.0, 1088.0 ], [ 873.0, 1089.0 ], [ 873.0, 1091.0 ], [ 873.0, 1092.0 ], [ 873.0, 1094.0 ], [ 873.0, 1095.0 ], [ 873.0, 1097.0 ], [ 873.0, 1098.0 ], [ 873.0, 1100.0 ], [ 873.0, 1101.0 ], [ 873.0, 1103.0 ], [ 873.0, 1104.0 ], [ 873.0, 1106.0 ], [ 873.0, 1107.0 ], [ 873.0, 1109.0 ], [ 873.0, 1110.0 ], [ 873.0, 1112.0 ], [ 873.0, 1113.0 ], [ 873.0, 1115.0 ], [ 873.0, 1116.0 ], [ 873.0, 1118.0 ], [ 873.0, 1119.0 ], [ 873.0, 1121.0 ], [ 873.0, 1122.0 ], [ 873.0, 1124.0 ], [ 873.0, 1125.0 ], [ 873.0, 1127.0 ], [ 874.0, 1128.0 ], [ 876.0, 1128.0 ], [ 877.0, 1128.0 ], [ 879.0, 1128.0 ], [ 880.0, 1128.0 ], [ 882.0, 1128.0 ], [ 883.0, 1128.0 ], [ 885.0, 1128.0 ], [ 886.0, 1128.0 ], [ 888.0, 1128.0 ], [ 889.0, 1128.0 ], [ 891.0, 1128.0 ], [ 892.0, 1128.0 ], [ 894.0, 1128.0 ], [ 895.0, 1128.0 ], [ 897.0, 1128.0 ], [ 898.0, 1128.0 ], [ 900.0, 1128.0 ], [ 901.0, 1128.0 ], [ 903.0, 1128.0 ], [ 904.0, 1127.0 ], [ 904.0, 1125.0 ], [ 904.0, 1124.0 ], [ 904.0, 1122.0 ], [ 904.0, 1121.0 ], [ 904.0, 1119.0 ], [ 904.0, 1118.0 ], [ 904.0, 1116.0 ], [ 904.0, 1115.0 ], [ 904.0, 1113.0 ], [ 904.0, 1112.0 ], [ 904.0, 1110.0 ], [ 904.0, 1109.0 ], [ 904.0, 1107.0 ], [ 904.0, 1106.0 ], [ 904.0, 1104.0 ], [ 904.0, 1103.0 ], [ 904.0, 1101.0 ], [ 904.0, 1100.0 ], [ 904.0, 1098.0 ], [ 904.0, 1097.0 ], [ 904.0, 1095.0 ], [ 904.0, 1094.0 ], [ 904.0, 1092.0 ], [ 904.0, 1091.0 ], [ 904.0, 1089.0 ], [ 904.0, 1088.0 ], [ 904.0, 1087.0 ], [ 904.0, 1085.0 ], [ 904.0, 1084.0 ], [ 904.0, 1082.0 ], [ 904.0, 1081.0 ], [ 904.0, 1079.0 ], [ 904.0, 1078.0 ], [ 904.0, 1076.0 ], [ 904.0, 1075.0 ], [ 904.0, 1073.0 ], [ 904.0, 1072.0 ], [ 904.0, 1070.0 ], [ 904.0, 1069.0 ], [ 904.0, 1067.0 ], [ 904.0, 1066.0 ], [ 904.0, 1064.0 ], [ 904.0, 1063.0 ], [ 904.0, 1061.0 ], [ 904.0, 1060.0 ], [ 904.0, 1058.0 ], [ 904.0, 1057.0 ], [ 904.0, 1055.0 ], [ 904.0, 1054.0 ], [ 904.0, 1052.0 ], [ 904.0, 1051.0 ], [ 904.0, 1049.0 ], [ 904.0, 1048.0 ], [ 904.0, 1046.0 ], [ 904.0, 1045.0 ], [ 904.0, 1044.0 ], [ 904.0, 1042.0 ], [ 904.0, 1041.0 ], [ 904.0, 1039.0 ], [ 904.0, 1038.0 ], [ 904.0, 1036.0 ], [ 904.0, 1035.0 ], [ 904.0, 1033.0 ], [ 906.0, 1032.0 ], [ 907.0, 1032.0 ], [ 909.0, 1032.0 ], [ 910.0, 1032.0 ], [ 912.0, 1032.0 ], [ 913.0, 1032.0 ], [ 914.0, 1032.0 ], [ 916.0, 1032.0 ], [ 917.0, 1032.0 ], [ 919.0, 1032.0 ], [ 919.0, 1030.0 ], [ 920.0, 1029.0 ], [ 922.0, 1030.0 ], [ 922.0, 1032.0 ], [ 922.0, 1033.0 ], [ 922.0, 1035.0 ], [ 922.0, 1036.0 ], [ 922.0, 1038.0 ], [ 922.0, 1039.0 ], [ 922.0, 1041.0 ], [ 922.0, 1042.0 ], [ 922.0, 1044.0 ], [ 922.0, 1045.0 ], [ 922.0, 1046.0 ], [ 922.0, 1048.0 ], [ 922.0, 1049.0 ], [ 922.0, 1051.0 ], [ 922.0, 1052.0 ], [ 922.0, 1054.0 ], [ 922.0, 1055.0 ], [ 922.0, 1057.0 ], [ 922.0, 1058.0 ], [ 922.0, 1060.0 ], [ 922.0, 1061.0 ], [ 922.0, 1063.0 ], [ 922.0, 1064.0 ], [ 922.0, 1066.0 ], [ 922.0, 1067.0 ], [ 922.0, 1069.0 ], [ 922.0, 1070.0 ], [ 922.0, 1072.0 ], [ 922.0, 1073.0 ], [ 922.0, 1075.0 ], [ 922.0, 1076.0 ], [ 922.0, 1078.0 ], [ 922.0, 1079.0 ], [ 922.0, 1081.0 ], [ 922.0, 1082.0 ], [ 922.0, 1084.0 ], [ 922.0, 1085.0 ], [ 922.0, 1087.0 ], [ 922.0, 1088.0 ], [ 922.0, 1089.0 ], [ 922.0, 1091.0 ], [ 922.0, 1092.0 ], [ 922.0, 1094.0 ], [ 922.0, 1095.0 ], [ 922.0, 1097.0 ], [ 922.0, 1098.0 ], [ 922.0, 1100.0 ], [ 922.0, 1101.0 ], [ 922.0, 1103.0 ], [ 922.0, 1104.0 ], [ 922.0, 1106.0 ], [ 922.0, 1107.0 ], [ 922.0, 1109.0 ], [ 922.0, 1110.0 ], [ 922.0, 1112.0 ], [ 922.0, 1113.0 ], [ 922.0, 1115.0 ], [ 922.0, 1116.0 ], [ 922.0, 1118.0 ], [ 922.0, 1119.0 ], [ 922.0, 1121.0 ], [ 922.0, 1122.0 ], [ 922.0, 1124.0 ], [ 922.0, 1125.0 ], [ 922.0, 1127.0 ], [ 922.0, 1128.0 ], [ 920.0, 1130.0 ], [ 919.0, 1130.0 ], [ 917.0, 1130.0 ], [ 916.0, 1130.0 ], [ 914.0, 1130.0 ], [ 913.0, 1130.0 ], [ 912.0, 1130.0 ], [ 910.0, 1130.0 ], [ 909.0, 1130.0 ], [ 907.0, 1130.0 ], [ 906.0, 1130.0 ], [ 906.0, 1131.0 ], [ 906.0, 1132.0 ], [ 906.0, 1134.0 ], [ 906.0, 1135.0 ], [ 906.0, 1137.0 ], [ 906.0, 1138.0 ], [ 906.0, 1140.0 ], [ 906.0, 1141.0 ], [ 906.0, 1143.0 ], [ 906.0, 1144.0 ], [ 904.0, 1146.0 ], [ 903.0, 1146.0 ], [ 901.0, 1146.0 ], [ 900.0, 1146.0 ], [ 898.0, 1146.0 ], [ 897.0, 1146.0 ], [ 895.0, 1146.0 ], [ 894.0, 1146.0 ], [ 892.0, 1146.0 ], [ 891.0, 1146.0 ], [ 889.0, 1146.0 ], [ 889.0, 1147.0 ], [ 889.0, 1149.0 ], [ 889.0, 1150.0 ], [ 889.0, 1152.0 ], [ 889.0, 1153.0 ], [ 889.0, 1155.0 ], [ 889.0, 1156.0 ], [ 889.0, 1158.0 ], [ 889.0, 1159.0 ], [ 889.0, 1161.0 ], [ 888.0, 1162.0 ], [ 886.0, 1162.0 ], [ 885.0, 1162.0 ], [ 883.0, 1162.0 ], [ 882.0, 1162.0 ], [ 880.0, 1162.0 ], [ 879.0, 1162.0 ], [ 877.0, 1162.0 ], [ 876.0, 1162.0 ], [ 874.0, 1162.0 ], [ 873.0, 1162.0 ], [ 873.0, 1164.0 ], [ 873.0, 1165.0 ], [ 873.0, 1167.0 ], [ 873.0, 1168.0 ], [ 873.0, 1170.0 ], [ 873.0, 1171.0 ], [ 873.0, 1173.0 ], [ 873.0, 1174.0 ], [ 873.0, 1175.0 ], [ 873.0, 1177.0 ], [ 873.0, 1178.0 ], [ 873.0, 1180.0 ], [ 873.0, 1181.0 ], [ 873.0, 1183.0 ], [ 873.0, 1184.0 ], [ 873.0, 1186.0 ], [ 873.0, 1187.0 ], [ 873.0, 1189.0 ], [ 873.0, 1190.0 ], [ 873.0, 1192.0 ], [ 873.0, 1193.0 ], [ 873.0, 1195.0 ], [ 873.0, 1196.0 ], [ 873.0, 1198.0 ], [ 873.0, 1199.0 ], [ 873.0, 1201.0 ], [ 873.0, 1202.0 ], [ 873.0, 1204.0 ], [ 873.0, 1205.0 ], [ 873.0, 1207.0 ], [ 873.0, 1208.0 ], [ 874.0, 1210.0 ], [ 873.0, 1211.0 ], [ 873.0, 1213.0 ], [ 873.0, 1214.0 ], [ 873.0, 1216.0 ], [ 873.0, 1217.0 ], [ 873.0, 1218.0 ], [ 873.0, 1220.0 ], [ 873.0, 1221.0 ], [ 873.0, 1223.0 ], [ 873.0, 1224.0 ], [ 873.0, 1226.0 ], [ 873.0, 1227.0 ], [ 873.0, 1229.0 ], [ 873.0, 1230.0 ], [ 873.0, 1232.0 ], [ 873.0, 1233.0 ], [ 873.0, 1235.0 ], [ 873.0, 1236.0 ], [ 873.0, 1238.0 ], [ 873.0, 1239.0 ], [ 873.0, 1241.0 ], [ 873.0, 1242.0 ], [ 873.0, 1244.0 ], [ 873.0, 1245.0 ], [ 873.0, 1247.0 ], [ 873.0, 1248.0 ], [ 873.0, 1250.0 ], [ 873.0, 1251.0 ], [ 873.0, 1253.0 ], [ 873.0, 1254.0 ], [ 873.0, 1256.0 ], [ 873.0, 1257.0 ], [ 873.0, 1259.0 ], [ 873.0, 1260.0 ], [ 873.0, 1262.0 ], [ 873.0, 1263.0 ], [ 873.0, 1264.0 ], [ 873.0, 1266.0 ], [ 873.0, 1267.0 ], [ 873.0, 1269.0 ], [ 873.0, 1270.0 ], [ 873.0, 1272.0 ], [ 873.0, 1273.0 ], [ 873.0, 1275.0 ], [ 873.0, 1276.0 ], [ 873.0, 1278.0 ], [ 873.0, 1279.0 ], [ 873.0, 1281.0 ], [ 873.0, 1282.0 ], [ 873.0, 1284.0 ], [ 873.0, 1285.0 ], [ 873.0, 1287.0 ], [ 873.0, 1288.0 ], [ 873.0, 1290.0 ], [ 873.0, 1291.0 ], [ 873.0, 1293.0 ], [ 873.0, 1294.0 ], [ 873.0, 1296.0 ], [ 873.0, 1297.0 ], [ 873.0, 1299.0 ], [ 873.0, 1300.0 ], [ 873.0, 1302.0 ], [ 873.0, 1303.0 ], [ 873.0, 1305.0 ], [ 871.0, 1306.0 ], [ 870.0, 1306.0 ], [ 869.0, 1306.0 ], [ 867.0, 1306.0 ], [ 866.0, 1306.0 ], [ 864.0, 1306.0 ], [ 863.0, 1306.0 ], [ 861.0, 1306.0 ], [ 860.0, 1306.0 ], [ 858.0, 1306.0 ], [ 858.0, 1307.0 ], [ 858.0, 1309.0 ], [ 857.0, 1310.0 ], [ 857.0, 1312.0 ], [ 857.0, 1313.0 ], [ 857.0, 1315.0 ], [ 857.0, 1316.0 ], [ 857.0, 1318.0 ], [ 857.0, 1319.0 ], [ 857.0, 1321.0 ], [ 857.0, 1322.0 ], [ 857.0, 1324.0 ], [ 857.0, 1325.0 ], [ 857.0, 1327.0 ], [ 857.0, 1328.0 ], [ 857.0, 1330.0 ], [ 857.0, 1331.0 ], [ 857.0, 1333.0 ], [ 857.0, 1334.0 ], [ 857.0, 1336.0 ], [ 857.0, 1337.0 ], [ 857.0, 1339.0 ], [ 857.0, 1340.0 ], [ 857.0, 1342.0 ], [ 857.0, 1343.0 ], [ 857.0, 1345.0 ], [ 857.0, 1346.0 ], [ 857.0, 1348.0 ], [ 857.0, 1349.0 ], [ 858.0, 1350.0 ], [ 858.0, 1352.0 ], [ 860.0, 1352.0 ], [ 861.0, 1352.0 ], [ 863.0, 1352.0 ], [ 864.0, 1352.0 ], [ 866.0, 1352.0 ], [ 867.0, 1352.0 ], [ 869.0, 1352.0 ], [ 870.0, 1352.0 ], [ 871.0, 1352.0 ], [ 873.0, 1352.0 ], [ 874.0, 1352.0 ], [ 876.0, 1352.0 ], [ 877.0, 1352.0 ], [ 879.0, 1352.0 ], [ 880.0, 1352.0 ], [ 882.0, 1352.0 ], [ 883.0, 1352.0 ], [ 885.0, 1352.0 ], [ 886.0, 1352.0 ], [ 888.0, 1352.0 ], [ 889.0, 1352.0 ], [ 891.0, 1352.0 ], [ 892.0, 1352.0 ], [ 894.0, 1352.0 ], [ 895.0, 1352.0 ], [ 897.0, 1352.0 ], [ 898.0, 1352.0 ], [ 900.0, 1352.0 ], [ 901.0, 1352.0 ], [ 903.0, 1352.0 ], [ 904.0, 1352.0 ], [ 906.0, 1352.0 ], [ 907.0, 1352.0 ], [ 909.0, 1352.0 ], [ 910.0, 1352.0 ], [ 912.0, 1352.0 ], [ 913.0, 1352.0 ], [ 914.0, 1352.0 ], [ 916.0, 1352.0 ], [ 917.0, 1352.0 ], [ 919.0, 1352.0 ], [ 920.0, 1352.0 ], [ 922.0, 1352.0 ], [ 923.0, 1352.0 ], [ 925.0, 1352.0 ], [ 926.0, 1352.0 ], [ 928.0, 1352.0 ], [ 929.0, 1352.0 ], [ 931.0, 1352.0 ], [ 932.0, 1352.0 ], [ 934.0, 1352.0 ], [ 935.0, 1352.0 ], [ 937.0, 1353.0 ], [ 935.0, 1355.0 ], [ 934.0, 1355.0 ], [ 932.0, 1355.0 ], [ 931.0, 1355.0 ], [ 929.0, 1355.0 ], [ 928.0, 1355.0 ], [ 926.0, 1355.0 ], [ 925.0, 1355.0 ], [ 923.0, 1355.0 ], [ 922.0, 1355.0 ], [ 922.0, 1356.0 ], [ 920.0, 1358.0 ], [ 919.0, 1356.0 ], [ 919.0, 1355.0 ], [ 917.0, 1355.0 ], [ 916.0, 1355.0 ], [ 914.0, 1355.0 ], [ 913.0, 1355.0 ], [ 912.0, 1355.0 ], [ 910.0, 1355.0 ], [ 909.0, 1355.0 ], [ 907.0, 1355.0 ], [ 906.0, 1355.0 ], [ 904.0, 1355.0 ], [ 903.0, 1355.0 ], [ 901.0, 1355.0 ], [ 900.0, 1355.0 ], [ 898.0, 1355.0 ], [ 897.0, 1355.0 ], [ 895.0, 1355.0 ], [ 894.0, 1355.0 ], [ 892.0, 1355.0 ], [ 891.0, 1355.0 ], [ 889.0, 1355.0 ], [ 888.0, 1355.0 ], [ 886.0, 1355.0 ], [ 885.0, 1355.0 ], [ 883.0, 1355.0 ], [ 882.0, 1355.0 ], [ 880.0, 1355.0 ], [ 879.0, 1355.0 ], [ 877.0, 1355.0 ], [ 876.0, 1355.0 ], [ 874.0, 1355.0 ], [ 873.0, 1355.0 ], [ 871.0, 1355.0 ], [ 870.0, 1355.0 ], [ 869.0, 1355.0 ], [ 867.0, 1355.0 ], [ 866.0, 1355.0 ], [ 864.0, 1355.0 ], [ 863.0, 1355.0 ], [ 861.0, 1355.0 ], [ 860.0, 1355.0 ], [ 858.0, 1355.0 ], [ 858.0, 1356.0 ], [ 857.0, 1358.0 ], [ 857.0, 1359.0 ], [ 857.0, 1361.0 ], [ 857.0, 1362.0 ], [ 857.0, 1364.0 ], [ 857.0, 1365.0 ], [ 857.0, 1367.0 ], [ 857.0, 1368.0 ], [ 857.0, 1370.0 ], [ 857.0, 1371.0 ], [ 857.0, 1373.0 ], [ 857.0, 1374.0 ], [ 857.0, 1376.0 ], [ 857.0, 1377.0 ], [ 857.0, 1379.0 ], [ 857.0, 1380.0 ], [ 858.0, 1382.0 ], [ 858.0, 1383.0 ], [ 858.0, 1385.0 ], [ 857.0, 1386.0 ], [ 855.0, 1386.0 ], [ 854.0, 1386.0 ], [ 852.0, 1386.0 ], [ 851.0, 1386.0 ], [ 849.0, 1386.0 ], [ 848.0, 1386.0 ], [ 846.0, 1386.0 ], [ 845.0, 1386.0 ], [ 843.0, 1386.0 ], [ 842.0, 1386.0 ], [ 842.0, 1388.0 ], [ 842.0, 1389.0 ], [ 842.0, 1391.0 ], [ 842.0, 1392.0 ], [ 842.0, 1393.0 ], [ 842.0, 1395.0 ], [ 842.0, 1396.0 ], [ 842.0, 1398.0 ], [ 842.0, 1399.0 ], [ 842.0, 1401.0 ], [ 842.0, 1402.0 ], [ 842.0, 1404.0 ], [ 842.0, 1405.0 ], [ 842.0, 1407.0 ], [ 842.0, 1408.0 ], [ 842.0, 1410.0 ], [ 842.0, 1411.0 ], [ 842.0, 1413.0 ], [ 842.0, 1414.0 ], [ 842.0, 1416.0 ], [ 842.0, 1417.0 ], [ 843.0, 1417.0 ], [ 845.0, 1417.0 ], [ 846.0, 1417.0 ], [ 848.0, 1417.0 ], [ 849.0, 1417.0 ], [ 851.0, 1417.0 ], [ 852.0, 1417.0 ], [ 854.0, 1417.0 ], [ 855.0, 1417.0 ], [ 857.0, 1419.0 ], [ 857.0, 1420.0 ], [ 857.0, 1422.0 ], [ 857.0, 1423.0 ], [ 857.0, 1425.0 ], [ 857.0, 1426.0 ], [ 857.0, 1428.0 ], [ 857.0, 1429.0 ], [ 857.0, 1431.0 ], [ 857.0, 1432.0 ], [ 857.0, 1434.0 ], [ 855.0, 1435.0 ], [ 854.0, 1435.0 ], [ 852.0, 1435.0 ], [ 851.0, 1435.0 ], [ 849.0, 1435.0 ], [ 848.0, 1435.0 ], [ 846.0, 1435.0 ], [ 845.0, 1435.0 ], [ 843.0, 1435.0 ], [ 842.0, 1435.0 ], [ 842.0, 1436.0 ], [ 842.0, 1438.0 ], [ 842.0, 1439.0 ], [ 842.0, 1441.0 ], [ 842.0, 1442.0 ], [ 842.0, 1444.0 ], [ 842.0, 1445.0 ], [ 842.0, 1447.0 ], [ 842.0, 1448.0 ], [ 842.0, 1450.0 ], [ 842.0, 1451.0 ], [ 842.0, 1453.0 ], [ 842.0, 1454.0 ], [ 842.0, 1456.0 ], [ 842.0, 1457.0 ], [ 842.0, 1459.0 ], [ 842.0, 1460.0 ], [ 842.0, 1462.0 ], [ 842.0, 1463.0 ], [ 842.0, 1465.0 ], [ 842.0, 1466.0 ], [ 842.0, 1468.0 ], [ 842.0, 1469.0 ], [ 842.0, 1471.0 ], [ 842.0, 1472.0 ], [ 842.0, 1474.0 ], [ 842.0, 1475.0 ], [ 842.0, 1477.0 ], [ 842.0, 1478.0 ], [ 842.0, 1480.0 ], [ 842.0, 1481.0 ], [ 843.0, 1481.0 ], [ 845.0, 1481.0 ], [ 846.0, 1481.0 ], [ 848.0, 1481.0 ], [ 849.0, 1481.0 ], [ 851.0, 1481.0 ], [ 852.0, 1481.0 ], [ 854.0, 1481.0 ], [ 855.0, 1481.0 ], [ 857.0, 1482.0 ], [ 857.0, 1484.0 ], [ 857.0, 1485.0 ], [ 857.0, 1487.0 ], [ 857.0, 1488.0 ], [ 857.0, 1490.0 ], [ 857.0, 1491.0 ], [ 857.0, 1493.0 ], [ 858.0, 1494.0 ], [ 858.0, 1496.0 ], [ 858.0, 1497.0 ], [ 860.0, 1497.0 ], [ 861.0, 1497.0 ], [ 863.0, 1497.0 ], [ 864.0, 1497.0 ], [ 866.0, 1497.0 ], [ 867.0, 1497.0 ], [ 869.0, 1497.0 ], [ 870.0, 1497.0 ], [ 871.0, 1497.0 ], [ 873.0, 1499.0 ], [ 873.0, 1500.0 ], [ 873.0, 1502.0 ], [ 873.0, 1503.0 ], [ 873.0, 1505.0 ], [ 873.0, 1506.0 ], [ 873.0, 1508.0 ], [ 873.0, 1509.0 ], [ 873.0, 1511.0 ], [ 873.0, 1512.0 ], [ 873.0, 1514.0 ], [ 871.0, 1515.0 ], [ 870.0, 1515.0 ], [ 869.0, 1515.0 ], [ 867.0, 1515.0 ], [ 866.0, 1515.0 ], [ 864.0, 1515.0 ], [ 863.0, 1515.0 ], [ 861.0, 1515.0 ], [ 860.0, 1515.0 ], [ 858.0, 1515.0 ], [ 857.0, 1515.0 ], [ 855.0, 1515.0 ], [ 854.0, 1515.0 ], [ 852.0, 1515.0 ], [ 851.0, 1515.0 ], [ 849.0, 1515.0 ], [ 848.0, 1515.0 ], [ 846.0, 1515.0 ], [ 845.0, 1515.0 ], [ 843.0, 1515.0 ], [ 842.0, 1515.0 ], [ 842.0, 1517.0 ], [ 842.0, 1518.0 ], [ 842.0, 1520.0 ], [ 842.0, 1521.0 ], [ 842.0, 1523.0 ], [ 842.0, 1524.0 ], [ 842.0, 1525.0 ], [ 842.0, 1527.0 ], [ 842.0, 1528.0 ], [ 842.0, 1530.0 ], [ 842.0, 1531.0 ], [ 842.0, 1533.0 ], [ 842.0, 1534.0 ], [ 842.0, 1536.0 ], [ 842.0, 1537.0 ], [ 842.0, 1539.0 ], [ 842.0, 1540.0 ], [ 842.0, 1542.0 ], [ 842.0, 1543.0 ], [ 842.0, 1545.0 ], [ 842.0, 1546.0 ], [ 842.0, 1548.0 ], [ 842.0, 1549.0 ], [ 842.0, 1551.0 ], [ 842.0, 1552.0 ], [ 842.0, 1554.0 ], [ 842.0, 1555.0 ], [ 842.0, 1557.0 ], [ 842.0, 1558.0 ], [ 842.0, 1560.0 ], [ 842.0, 1561.0 ], [ 842.0, 1563.0 ], [ 842.0, 1564.0 ], [ 842.0, 1566.0 ], [ 842.0, 1567.0 ], [ 842.0, 1568.0 ], [ 842.0, 1570.0 ], [ 842.0, 1571.0 ], [ 842.0, 1573.0 ], [ 842.0, 1574.0 ], [ 842.0, 1576.0 ], [ 842.0, 1577.0 ], [ 842.0, 1579.0 ], [ 842.0, 1580.0 ], [ 842.0, 1582.0 ], [ 842.0, 1583.0 ], [ 842.0, 1585.0 ], [ 842.0, 1586.0 ], [ 842.0, 1588.0 ], [ 842.0, 1589.0 ], [ 842.0, 1591.0 ], [ 842.0, 1592.0 ], [ 842.0, 1594.0 ], [ 842.0, 1595.0 ], [ 842.0, 1597.0 ], [ 842.0, 1598.0 ], [ 842.0, 1600.0 ], [ 842.0, 1601.0 ], [ 842.0, 1603.0 ], [ 842.0, 1604.0 ], [ 842.0, 1606.0 ], [ 842.0, 1607.0 ], [ 842.0, 1609.0 ], [ 842.0, 1610.0 ], [ 842.0, 1611.0 ], [ 842.0, 1613.0 ], [ 842.0, 1614.0 ], [ 842.0, 1616.0 ], [ 842.0, 1617.0 ], [ 842.0, 1619.0 ], [ 842.0, 1620.0 ], [ 842.0, 1622.0 ], [ 842.0, 1623.0 ], [ 842.0, 1625.0 ], [ 842.0, 1626.0 ], [ 842.0, 1628.0 ], [ 842.0, 1629.0 ], [ 842.0, 1631.0 ], [ 842.0, 1632.0 ], [ 842.0, 1634.0 ], [ 842.0, 1635.0 ], [ 842.0, 1637.0 ], [ 842.0, 1638.0 ], [ 842.0, 1640.0 ], [ 842.0, 1641.0 ], [ 842.0, 1643.0 ], [ 842.0, 1644.0 ], [ 842.0, 1646.0 ], [ 842.0, 1647.0 ], [ 842.0, 1649.0 ], [ 842.0, 1650.0 ], [ 842.0, 1652.0 ], [ 842.0, 1653.0 ], [ 842.0, 1654.0 ], [ 842.0, 1656.0 ], [ 842.0, 1657.0 ], [ 842.0, 1659.0 ], [ 842.0, 1660.0 ], [ 842.0, 1662.0 ], [ 842.0, 1663.0 ], [ 842.0, 1665.0 ], [ 842.0, 1666.0 ], [ 842.0, 1668.0 ], [ 842.0, 1669.0 ], [ 842.0, 1671.0 ], [ 842.0, 1672.0 ], [ 843.0, 1674.0 ], [ 842.0, 1675.0 ], [ 842.0, 1677.0 ], [ 842.0, 1678.0 ], [ 842.0, 1680.0 ], [ 842.0, 1681.0 ], [ 842.0, 1683.0 ], [ 842.0, 1684.0 ], [ 842.0, 1686.0 ], [ 842.0, 1687.0 ], [ 842.0, 1689.0 ], [ 842.0, 1690.0 ], [ 840.0, 1692.0 ], [ 839.0, 1692.0 ], [ 837.0, 1692.0 ], [ 836.0, 1692.0 ], [ 834.0, 1692.0 ], [ 833.0, 1692.0 ], [ 831.0, 1692.0 ], [ 830.0, 1692.0 ], [ 828.0, 1692.0 ], [ 827.0, 1692.0 ], [ 826.0, 1692.0 ], [ 826.0, 1693.0 ], [ 826.0, 1695.0 ], [ 826.0, 1696.0 ], [ 826.0, 1697.0 ], [ 826.0, 1699.0 ], [ 826.0, 1700.0 ], [ 826.0, 1702.0 ], [ 826.0, 1703.0 ], [ 826.0, 1705.0 ], [ 826.0, 1706.0 ], [ 826.0, 1708.0 ], [ 826.0, 1709.0 ], [ 826.0, 1711.0 ], [ 826.0, 1712.0 ], [ 826.0, 1714.0 ], [ 826.0, 1715.0 ], [ 826.0, 1717.0 ], [ 826.0, 1718.0 ], [ 826.0, 1720.0 ], [ 826.0, 1721.0 ], [ 824.0, 1723.0 ], [ 823.0, 1723.0 ], [ 821.0, 1723.0 ], [ 820.0, 1723.0 ], [ 818.0, 1723.0 ], [ 817.0, 1723.0 ], [ 815.0, 1723.0 ], [ 814.0, 1723.0 ], [ 812.0, 1723.0 ], [ 811.0, 1723.0 ], [ 809.0, 1724.0 ], [ 809.0, 1726.0 ], [ 809.0, 1727.0 ], [ 809.0, 1729.0 ], [ 809.0, 1730.0 ], [ 809.0, 1732.0 ], [ 809.0, 1733.0 ], [ 809.0, 1735.0 ], [ 809.0, 1736.0 ], [ 809.0, 1738.0 ], [ 809.0, 1739.0 ], [ 809.0, 1741.0 ], [ 809.0, 1742.0 ], [ 809.0, 1743.0 ], [ 809.0, 1745.0 ], [ 809.0, 1746.0 ], [ 809.0, 1748.0 ], [ 809.0, 1749.0 ], [ 809.0, 1751.0 ], [ 809.0, 1752.0 ], [ 811.0, 1754.0 ], [ 809.0, 1755.0 ], [ 809.0, 1757.0 ], [ 809.0, 1758.0 ], [ 809.0, 1760.0 ], [ 809.0, 1761.0 ], [ 809.0, 1763.0 ], [ 809.0, 1764.0 ], [ 809.0, 1766.0 ], [ 809.0, 1767.0 ], [ 809.0, 1769.0 ], [ 809.0, 1770.0 ], [ 809.0, 1772.0 ], [ 809.0, 1773.0 ], [ 809.0, 1775.0 ], [ 809.0, 1776.0 ], [ 809.0, 1778.0 ], [ 809.0, 1779.0 ], [ 809.0, 1781.0 ], [ 809.0, 1782.0 ], [ 809.0, 1784.0 ], [ 809.0, 1785.0 ], [ 809.0, 1786.0 ], [ 809.0, 1788.0 ], [ 809.0, 1789.0 ], [ 809.0, 1791.0 ], [ 809.0, 1792.0 ], [ 809.0, 1794.0 ], [ 809.0, 1795.0 ], [ 809.0, 1797.0 ], [ 809.0, 1798.0 ], [ 809.0, 1800.0 ], [ 809.0, 1801.0 ], [ 809.0, 1803.0 ], [ 809.0, 1804.0 ], [ 809.0, 1806.0 ], [ 809.0, 1807.0 ], [ 809.0, 1809.0 ], [ 809.0, 1810.0 ], [ 809.0, 1812.0 ], [ 809.0, 1813.0 ], [ 809.0, 1815.0 ], [ 809.0, 1816.0 ], [ 809.0, 1818.0 ], [ 809.0, 1819.0 ], [ 809.0, 1821.0 ], [ 809.0, 1822.0 ], [ 809.0, 1824.0 ], [ 809.0, 1825.0 ], [ 809.0, 1827.0 ], [ 809.0, 1828.0 ], [ 809.0, 1829.0 ], [ 809.0, 1831.0 ], [ 809.0, 1832.0 ], [ 809.0, 1834.0 ], [ 808.0, 1835.0 ], [ 806.0, 1835.0 ], [ 805.0, 1835.0 ], [ 803.0, 1835.0 ], [ 802.0, 1835.0 ], [ 800.0, 1835.0 ], [ 799.0, 1835.0 ], [ 797.0, 1835.0 ], [ 796.0, 1835.0 ], [ 794.0, 1835.0 ], [ 793.0, 1835.0 ], [ 793.0, 1837.0 ], [ 793.0, 1838.0 ], [ 793.0, 1840.0 ], [ 793.0, 1841.0 ], [ 793.0, 1843.0 ], [ 793.0, 1844.0 ], [ 793.0, 1846.0 ], [ 793.0, 1847.0 ], [ 793.0, 1849.0 ], [ 793.0, 1850.0 ], [ 793.0, 1852.0 ], [ 793.0, 1853.0 ], [ 793.0, 1855.0 ], [ 793.0, 1856.0 ], [ 793.0, 1858.0 ], [ 793.0, 1859.0 ], [ 793.0, 1861.0 ], [ 793.0, 1862.0 ], [ 793.0, 1864.0 ], [ 793.0, 1865.0 ], [ 794.0, 1865.0 ], [ 796.0, 1865.0 ], [ 797.0, 1865.0 ], [ 799.0, 1865.0 ], [ 800.0, 1865.0 ], [ 802.0, 1865.0 ], [ 803.0, 1865.0 ], [ 805.0, 1865.0 ], [ 806.0, 1865.0 ], [ 808.0, 1865.0 ], [ 809.0, 1867.0 ], [ 809.0, 1868.0 ], [ 809.0, 1870.0 ], [ 809.0, 1871.0 ], [ 809.0, 1872.0 ], [ 809.0, 1874.0 ], [ 809.0, 1875.0 ], [ 809.0, 1877.0 ], [ 809.0, 1878.0 ], [ 809.0, 1880.0 ], [ 809.0, 1881.0 ], [ 811.0, 1883.0 ], [ 809.0, 1884.0 ], [ 809.0, 1886.0 ], [ 809.0, 1887.0 ], [ 809.0, 1889.0 ], [ 809.0, 1890.0 ], [ 809.0, 1892.0 ], [ 809.0, 1893.0 ], [ 809.0, 1895.0 ], [ 809.0, 1896.0 ], [ 809.0, 1898.0 ], [ 808.0, 1899.0 ], [ 806.0, 1899.0 ], [ 805.0, 1899.0 ], [ 803.0, 1899.0 ], [ 802.0, 1899.0 ], [ 800.0, 1899.0 ], [ 799.0, 1899.0 ], [ 797.0, 1899.0 ], [ 796.0, 1899.0 ], [ 794.0, 1899.0 ], [ 793.0, 1901.0 ], [ 791.0, 1899.0 ], [ 790.0, 1899.0 ], [ 788.0, 1899.0 ], [ 787.0, 1899.0 ], [ 785.0, 1899.0 ], [ 784.0, 1899.0 ], [ 783.0, 1899.0 ], [ 781.0, 1899.0 ], [ 780.0, 1899.0 ], [ 778.0, 1899.0 ], [ 777.0, 1899.0 ], [ 775.0, 1899.0 ], [ 774.0, 1899.0 ], [ 772.0, 1899.0 ], [ 771.0, 1899.0 ], [ 769.0, 1899.0 ], [ 768.0, 1899.0 ], [ 766.0, 1899.0 ], [ 765.0, 1899.0 ], [ 763.0, 1899.0 ], [ 762.0, 1899.0 ], [ 762.0, 1901.0 ], [ 762.0, 1902.0 ], [ 762.0, 1904.0 ], [ 762.0, 1905.0 ], [ 762.0, 1907.0 ], [ 762.0, 1908.0 ], [ 762.0, 1910.0 ], [ 762.0, 1911.0 ], [ 762.0, 1913.0 ], [ 762.0, 1914.0 ], [ 762.0, 1915.0 ], [ 762.0, 1917.0 ], [ 762.0, 1918.0 ], [ 762.0, 1920.0 ], [ 762.0, 1921.0 ], [ 762.0, 1923.0 ], [ 762.0, 1924.0 ], [ 762.0, 1926.0 ], [ 762.0, 1927.0 ], [ 762.0, 1929.0 ], [ 762.0, 1930.0 ], [ 762.0, 1932.0 ], [ 762.0, 1933.0 ], [ 762.0, 1935.0 ], [ 762.0, 1936.0 ], [ 762.0, 1938.0 ], [ 762.0, 1939.0 ], [ 762.0, 1941.0 ], [ 762.0, 1942.0 ], [ 762.0, 1944.0 ], [ 762.0, 1945.0 ], [ 762.0, 1947.0 ], [ 762.0, 1948.0 ], [ 762.0, 1950.0 ], [ 762.0, 1951.0 ], [ 762.0, 1953.0 ], [ 762.0, 1954.0 ], [ 762.0, 1956.0 ], [ 762.0, 1957.0 ], [ 762.0, 1958.0 ], [ 762.0, 1960.0 ], [ 762.0, 1961.0 ], [ 760.0, 1963.0 ], [ 759.0, 1963.0 ], [ 757.0, 1963.0 ], [ 756.0, 1963.0 ], [ 754.0, 1963.0 ], [ 753.0, 1963.0 ], [ 751.0, 1963.0 ], [ 750.0, 1963.0 ], [ 748.0, 1963.0 ], [ 747.0, 1963.0 ], [ 745.0, 1964.0 ], [ 745.0, 1966.0 ], [ 745.0, 1967.0 ], [ 745.0, 1969.0 ], [ 745.0, 1970.0 ], [ 745.0, 1972.0 ], [ 745.0, 1973.0 ], [ 745.0, 1975.0 ], [ 745.0, 1976.0 ], [ 745.0, 1978.0 ], [ 745.0, 1979.0 ], [ 745.0, 1981.0 ], [ 745.0, 1982.0 ], [ 745.0, 1984.0 ], [ 745.0, 1985.0 ], [ 745.0, 1987.0 ], [ 745.0, 1988.0 ], [ 745.0, 1990.0 ], [ 745.0, 1991.0 ], [ 745.0, 1993.0 ], [ 745.0, 1994.0 ], [ 745.0, 1996.0 ], [ 745.0, 1997.0 ], [ 745.0, 1999.0 ], [ 745.0, 2000.0 ], [ 745.0, 2002.0 ], [ 745.0, 2003.0 ], [ 745.0, 2004.0 ], [ 745.0, 2006.0 ], [ 745.0, 2007.0 ], [ 745.0, 2009.0 ], [ 745.0, 2010.0 ], [ 745.0, 2012.0 ], [ 745.0, 2013.0 ], [ 745.0, 2015.0 ], [ 745.0, 2016.0 ], [ 745.0, 2018.0 ], [ 745.0, 2019.0 ], [ 745.0, 2021.0 ], [ 745.0, 2022.0 ], [ 745.0, 2024.0 ], [ 745.0, 2025.0 ], [ 745.0, 2027.0 ], [ 745.0, 2028.0 ], [ 745.0, 2030.0 ], [ 745.0, 2031.0 ], [ 745.0, 2033.0 ], [ 745.0, 2034.0 ], [ 745.0, 2036.0 ], [ 745.0, 2037.0 ], [ 745.0, 2039.0 ], [ 745.0, 2040.0 ], [ 745.0, 2042.0 ], [ 745.0, 2043.0 ], [ 745.0, 2045.0 ], [ 745.0, 2046.0 ], [ 745.0, 2047.0 ], [ 745.0, 2049.0 ], [ 745.0, 2050.0 ], [ 745.0, 2052.0 ], [ 745.0, 2053.0 ], [ 745.0, 2055.0 ], [ 745.0, 2056.0 ], [ 745.0, 2058.0 ], [ 745.0, 2059.0 ], [ 745.0, 2061.0 ], [ 745.0, 2062.0 ], [ 745.0, 2064.0 ], [ 745.0, 2065.0 ], [ 745.0, 2067.0 ], [ 745.0, 2068.0 ], [ 745.0, 2070.0 ], [ 745.0, 2071.0 ], [ 745.0, 2073.0 ], [ 745.0, 2074.0 ], [ 745.0, 2076.0 ], [ 745.0, 2077.0 ], [ 745.0, 2079.0 ], [ 745.0, 2080.0 ], [ 745.0, 2082.0 ], [ 745.0, 2083.0 ], [ 745.0, 2085.0 ], [ 745.0, 2086.0 ], [ 745.0, 2088.0 ], [ 745.0, 2089.0 ], [ 745.0, 2090.0 ], [ 744.0, 2092.0 ], [ 742.0, 2092.0 ], [ 741.0, 2092.0 ], [ 740.0, 2092.0 ], [ 738.0, 2092.0 ], [ 737.0, 2092.0 ], [ 735.0, 2092.0 ], [ 734.0, 2092.0 ], [ 732.0, 2092.0 ], [ 731.0, 2092.0 ], [ 729.0, 2092.0 ], [ 729.0, 2093.0 ], [ 729.0, 2095.0 ], [ 729.0, 2096.0 ], [ 729.0, 2098.0 ], [ 729.0, 2099.0 ], [ 729.0, 2101.0 ], [ 729.0, 2102.0 ], [ 729.0, 2104.0 ], [ 729.0, 2105.0 ], [ 729.0, 2107.0 ], [ 729.0, 2108.0 ], [ 729.0, 2110.0 ], [ 729.0, 2111.0 ], [ 729.0, 2113.0 ], [ 729.0, 2114.0 ], [ 729.0, 2116.0 ], [ 729.0, 2117.0 ], [ 729.0, 2119.0 ], [ 729.0, 2120.0 ], [ 729.0, 2122.0 ], [ 731.0, 2122.0 ], [ 732.0, 2122.0 ], [ 734.0, 2122.0 ], [ 735.0, 2122.0 ], [ 737.0, 2122.0 ], [ 738.0, 2122.0 ], [ 740.0, 2122.0 ], [ 741.0, 2122.0 ], [ 742.0, 2122.0 ], [ 744.0, 2122.0 ], [ 745.0, 2123.0 ], [ 745.0, 2125.0 ], [ 745.0, 2126.0 ], [ 745.0, 2128.0 ], [ 745.0, 2129.0 ], [ 745.0, 2131.0 ], [ 745.0, 2132.0 ], [ 745.0, 2133.0 ], [ 745.0, 2135.0 ], [ 745.0, 2136.0 ], [ 745.0, 2138.0 ], [ 745.0, 2139.0 ], [ 745.0, 2141.0 ], [ 745.0, 2142.0 ], [ 745.0, 2144.0 ], [ 745.0, 2145.0 ], [ 745.0, 2147.0 ], [ 745.0, 2148.0 ], [ 745.0, 2150.0 ], [ 745.0, 2151.0 ], [ 745.0, 2153.0 ], [ 745.0, 2154.0 ], [ 745.0, 2156.0 ], [ 745.0, 2157.0 ], [ 745.0, 2159.0 ], [ 745.0, 2160.0 ], [ 745.0, 2162.0 ], [ 745.0, 2163.0 ], [ 745.0, 2165.0 ], [ 745.0, 2166.0 ], [ 745.0, 2168.0 ], [ 745.0, 2169.0 ], [ 745.0, 2171.0 ], [ 744.0, 2172.0 ], [ 742.0, 2172.0 ], [ 741.0, 2172.0 ], [ 740.0, 2172.0 ], [ 738.0, 2172.0 ], [ 737.0, 2172.0 ], [ 735.0, 2172.0 ], [ 734.0, 2172.0 ], [ 732.0, 2172.0 ], [ 731.0, 2172.0 ], [ 729.0, 2172.0 ], [ 729.0, 2174.0 ], [ 729.0, 2175.0 ], [ 729.0, 2176.0 ], [ 729.0, 2178.0 ], [ 729.0, 2179.0 ], [ 729.0, 2181.0 ], [ 729.0, 2182.0 ], [ 729.0, 2184.0 ], [ 729.0, 2185.0 ], [ 729.0, 2187.0 ], [ 729.0, 2188.0 ], [ 729.0, 2190.0 ], [ 729.0, 2191.0 ], [ 729.0, 2193.0 ], [ 729.0, 2194.0 ], [ 729.0, 2196.0 ], [ 729.0, 2197.0 ], [ 729.0, 2199.0 ], [ 729.0, 2200.0 ], [ 729.0, 2202.0 ], [ 729.0, 2203.0 ], [ 729.0, 2205.0 ], [ 729.0, 2206.0 ], [ 729.0, 2208.0 ], [ 729.0, 2209.0 ], [ 729.0, 2211.0 ], [ 729.0, 2212.0 ], [ 729.0, 2214.0 ], [ 729.0, 2215.0 ], [ 729.0, 2217.0 ], [ 729.0, 2218.0 ], [ 731.0, 2220.0 ], [ 729.0, 2221.0 ], [ 729.0, 2222.0 ], [ 729.0, 2224.0 ], [ 729.0, 2225.0 ], [ 729.0, 2227.0 ], [ 729.0, 2228.0 ], [ 729.0, 2230.0 ], [ 729.0, 2231.0 ], [ 729.0, 2233.0 ], [ 729.0, 2234.0 ], [ 728.0, 2236.0 ], [ 726.0, 2236.0 ], [ 725.0, 2236.0 ], [ 723.0, 2236.0 ], [ 722.0, 2236.0 ], [ 720.0, 2236.0 ], [ 719.0, 2236.0 ], [ 717.0, 2236.0 ], [ 716.0, 2236.0 ], [ 714.0, 2236.0 ], [ 713.0, 2237.0 ], [ 713.0, 2239.0 ], [ 713.0, 2240.0 ], [ 713.0, 2242.0 ], [ 713.0, 2243.0 ], [ 713.0, 2245.0 ], [ 713.0, 2246.0 ], [ 713.0, 2248.0 ], [ 713.0, 2249.0 ], [ 713.0, 2251.0 ], [ 713.0, 2252.0 ], [ 713.0, 2254.0 ], [ 713.0, 2255.0 ], [ 713.0, 2257.0 ], [ 713.0, 2258.0 ], [ 713.0, 2260.0 ], [ 713.0, 2261.0 ], [ 713.0, 2263.0 ], [ 713.0, 2264.0 ], [ 713.0, 2265.0 ], [ 714.0, 2267.0 ], [ 713.0, 2268.0 ], [ 713.0, 2270.0 ], [ 713.0, 2271.0 ], [ 713.0, 2273.0 ], [ 713.0, 2274.0 ], [ 713.0, 2276.0 ], [ 713.0, 2277.0 ], [ 713.0, 2279.0 ], [ 713.0, 2280.0 ], [ 713.0, 2282.0 ], [ 713.0, 2283.0 ], [ 713.0, 2285.0 ], [ 713.0, 2286.0 ], [ 713.0, 2288.0 ], [ 713.0, 2289.0 ], [ 713.0, 2291.0 ], [ 713.0, 2292.0 ], [ 713.0, 2294.0 ], [ 713.0, 2295.0 ], [ 713.0, 2297.0 ], [ 713.0, 2298.0 ], [ 713.0, 2300.0 ], [ 713.0, 2301.0 ], [ 713.0, 2303.0 ], [ 713.0, 2304.0 ], [ 713.0, 2306.0 ], [ 713.0, 2307.0 ], [ 713.0, 2308.0 ], [ 713.0, 2310.0 ], [ 713.0, 2311.0 ], [ 713.0, 2313.0 ], [ 713.0, 2314.0 ], [ 711.0, 2316.0 ], [ 710.0, 2316.0 ], [ 708.0, 2316.0 ], [ 707.0, 2316.0 ], [ 705.0, 2316.0 ], [ 704.0, 2316.0 ], [ 702.0, 2316.0 ], [ 701.0, 2316.0 ], [ 699.0, 2316.0 ], [ 698.0, 2316.0 ], [ 696.0, 2317.0 ], [ 696.0, 2319.0 ], [ 696.0, 2320.0 ], [ 696.0, 2322.0 ], [ 696.0, 2323.0 ], [ 696.0, 2325.0 ], [ 696.0, 2326.0 ], [ 696.0, 2328.0 ], [ 696.0, 2329.0 ], [ 696.0, 2331.0 ], [ 696.0, 2332.0 ], [ 696.0, 2334.0 ], [ 696.0, 2335.0 ], [ 696.0, 2337.0 ], [ 696.0, 2338.0 ], [ 696.0, 2340.0 ], [ 696.0, 2341.0 ], [ 696.0, 2343.0 ], [ 696.0, 2344.0 ], [ 696.0, 2346.0 ], [ 698.0, 2347.0 ], [ 698.0, 2349.0 ], [ 696.0, 2350.0 ], [ 696.0, 2351.0 ], [ 696.0, 2353.0 ], [ 696.0, 2354.0 ], [ 696.0, 2356.0 ], [ 696.0, 2357.0 ], [ 696.0, 2359.0 ], [ 696.0, 2360.0 ], [ 696.0, 2362.0 ], [ 696.0, 2363.0 ], [ 696.0, 2365.0 ], [ 696.0, 2366.0 ], [ 696.0, 2368.0 ], [ 696.0, 2369.0 ], [ 696.0, 2371.0 ], [ 696.0, 2372.0 ], [ 696.0, 2374.0 ], [ 696.0, 2375.0 ], [ 696.0, 2377.0 ], [ 696.0, 2378.0 ], [ 696.0, 2380.0 ], [ 696.0, 2381.0 ], [ 696.0, 2383.0 ], [ 696.0, 2384.0 ], [ 696.0, 2386.0 ], [ 696.0, 2387.0 ], [ 696.0, 2389.0 ], [ 696.0, 2390.0 ], [ 696.0, 2392.0 ], [ 696.0, 2393.0 ], [ 698.0, 2394.0 ], [ 696.0, 2396.0 ], [ 695.0, 2396.0 ], [ 694.0, 2396.0 ], [ 692.0, 2396.0 ], [ 691.0, 2396.0 ], [ 689.0, 2396.0 ], [ 688.0, 2396.0 ], [ 686.0, 2396.0 ], [ 685.0, 2396.0 ], [ 683.0, 2396.0 ], [ 682.0, 2396.0 ], [ 682.0, 2397.0 ], [ 682.0, 2399.0 ], [ 680.0, 2400.0 ], [ 680.0, 2402.0 ], [ 680.0, 2403.0 ], [ 680.0, 2405.0 ], [ 680.0, 2406.0 ], [ 680.0, 2408.0 ], [ 680.0, 2409.0 ], [ 680.0, 2411.0 ], [ 679.0, 2412.0 ], [ 677.0, 2412.0 ], [ 676.0, 2412.0 ], [ 674.0, 2412.0 ], [ 673.0, 2412.0 ], [ 671.0, 2412.0 ], [ 670.0, 2412.0 ], [ 668.0, 2412.0 ], [ 667.0, 2412.0 ], [ 665.0, 2412.0 ], [ 665.0, 2414.0 ], [ 665.0, 2415.0 ], [ 665.0, 2417.0 ], [ 665.0, 2418.0 ], [ 665.0, 2420.0 ], [ 665.0, 2421.0 ], [ 665.0, 2423.0 ], [ 665.0, 2424.0 ], [ 665.0, 2426.0 ], [ 665.0, 2427.0 ], [ 665.0, 2429.0 ], [ 665.0, 2430.0 ], [ 665.0, 2432.0 ], [ 665.0, 2433.0 ], [ 665.0, 2435.0 ], [ 665.0, 2436.0 ], [ 665.0, 2437.0 ], [ 665.0, 2439.0 ], [ 665.0, 2440.0 ], [ 665.0, 2442.0 ], [ 665.0, 2443.0 ], [ 664.0, 2445.0 ], [ 662.0, 2445.0 ], [ 661.0, 2445.0 ], [ 659.0, 2445.0 ], [ 658.0, 2445.0 ], [ 656.0, 2445.0 ], [ 655.0, 2445.0 ], [ 653.0, 2445.0 ], [ 652.0, 2445.0 ], [ 651.0, 2445.0 ], [ 649.0, 2445.0 ], [ 649.0, 2446.0 ], [ 649.0, 2448.0 ], [ 649.0, 2449.0 ], [ 649.0, 2451.0 ], [ 649.0, 2452.0 ], [ 649.0, 2454.0 ], [ 649.0, 2455.0 ], [ 649.0, 2457.0 ], [ 649.0, 2458.0 ], [ 649.0, 2460.0 ], [ 649.0, 2461.0 ], [ 649.0, 2463.0 ], [ 649.0, 2464.0 ], [ 649.0, 2466.0 ], [ 649.0, 2467.0 ], [ 649.0, 2469.0 ], [ 649.0, 2470.0 ], [ 649.0, 2472.0 ], [ 649.0, 2473.0 ], [ 649.0, 2475.0 ], [ 648.0, 2476.0 ], [ 646.0, 2476.0 ], [ 645.0, 2476.0 ], [ 643.0, 2476.0 ], [ 642.0, 2476.0 ], [ 640.0, 2476.0 ], [ 639.0, 2476.0 ], [ 637.0, 2476.0 ], [ 636.0, 2476.0 ], [ 634.0, 2476.0 ], [ 633.0, 2478.0 ], [ 633.0, 2479.0 ], [ 633.0, 2481.0 ], [ 633.0, 2482.0 ], [ 633.0, 2483.0 ], [ 633.0, 2485.0 ], [ 633.0, 2486.0 ], [ 633.0, 2488.0 ], [ 633.0, 2489.0 ], [ 633.0, 2491.0 ], [ 631.0, 2492.0 ], [ 630.0, 2492.0 ], [ 628.0, 2492.0 ], [ 627.0, 2492.0 ], [ 625.0, 2492.0 ], [ 624.0, 2492.0 ], [ 622.0, 2492.0 ], [ 621.0, 2492.0 ], [ 619.0, 2492.0 ], [ 618.0, 2492.0 ], [ 616.0, 2494.0 ], [ 616.0, 2495.0 ], [ 616.0, 2497.0 ], [ 616.0, 2498.0 ], [ 616.0, 2500.0 ], [ 616.0, 2501.0 ], [ 616.0, 2503.0 ], [ 616.0, 2504.0 ], [ 616.0, 2506.0 ], [ 616.0, 2507.0 ], [ 616.0, 2509.0 ], [ 616.0, 2510.0 ], [ 616.0, 2512.0 ], [ 616.0, 2513.0 ], [ 616.0, 2515.0 ], [ 616.0, 2516.0 ], [ 616.0, 2518.0 ], [ 616.0, 2519.0 ], [ 616.0, 2521.0 ], [ 616.0, 2522.0 ], [ 616.0, 2524.0 ], [ 615.0, 2525.0 ], [ 613.0, 2525.0 ], [ 612.0, 2525.0 ], [ 610.0, 2525.0 ], [ 609.0, 2525.0 ], [ 608.0, 2525.0 ], [ 606.0, 2525.0 ], [ 605.0, 2525.0 ], [ 603.0, 2525.0 ], [ 602.0, 2525.0 ], [ 600.0, 2525.0 ], [ 599.0, 2524.0 ], [ 599.0, 2522.0 ], [ 599.0, 2521.0 ], [ 599.0, 2519.0 ], [ 599.0, 2518.0 ], [ 599.0, 2516.0 ], [ 599.0, 2515.0 ], [ 599.0, 2513.0 ], [ 599.0, 2512.0 ], [ 599.0, 2510.0 ], [ 599.0, 2509.0 ], [ 597.0, 2509.0 ], [ 596.0, 2509.0 ], [ 594.0, 2509.0 ], [ 593.0, 2509.0 ], [ 591.0, 2509.0 ], [ 590.0, 2509.0 ], [ 588.0, 2509.0 ], [ 587.0, 2509.0 ], [ 585.0, 2509.0 ], [ 584.0, 2509.0 ], [ 582.0, 2509.0 ], [ 581.0, 2509.0 ], [ 579.0, 2509.0 ], [ 578.0, 2509.0 ], [ 576.0, 2509.0 ], [ 575.0, 2509.0 ], [ 573.0, 2509.0 ], [ 572.0, 2509.0 ], [ 570.0, 2509.0 ], [ 569.0, 2509.0 ], [ 569.0, 2510.0 ], [ 569.0, 2512.0 ], [ 569.0, 2513.0 ], [ 569.0, 2515.0 ], [ 569.0, 2516.0 ], [ 569.0, 2518.0 ], [ 569.0, 2519.0 ], [ 569.0, 2521.0 ], [ 569.0, 2522.0 ], [ 569.0, 2524.0 ], [ 569.0, 2525.0 ], [ 569.0, 2526.0 ], [ 569.0, 2528.0 ], [ 569.0, 2529.0 ], [ 569.0, 2531.0 ], [ 569.0, 2532.0 ], [ 569.0, 2534.0 ], [ 569.0, 2535.0 ], [ 569.0, 2537.0 ], [ 569.0, 2538.0 ], [ 569.0, 2540.0 ], [ 569.0, 2541.0 ], [ 569.0, 2543.0 ], [ 569.0, 2544.0 ], [ 569.0, 2546.0 ], [ 569.0, 2547.0 ], [ 569.0, 2549.0 ], [ 569.0, 2550.0 ], [ 569.0, 2552.0 ], [ 569.0, 2553.0 ], [ 569.0, 2555.0 ], [ 569.0, 2556.0 ], [ 569.0, 2558.0 ], [ 569.0, 2559.0 ], [ 569.0, 2561.0 ], [ 569.0, 2562.0 ], [ 569.0, 2564.0 ], [ 569.0, 2565.0 ], [ 569.0, 2567.0 ], [ 569.0, 2568.0 ], [ 569.0, 2569.0 ], [ 569.0, 2571.0 ], [ 570.0, 2571.0 ], [ 572.0, 2571.0 ], [ 573.0, 2571.0 ], [ 575.0, 2571.0 ], [ 576.0, 2571.0 ], [ 578.0, 2571.0 ], [ 579.0, 2571.0 ], [ 581.0, 2571.0 ], [ 582.0, 2571.0 ], [ 584.0, 2571.0 ], [ 585.0, 2571.0 ], [ 587.0, 2571.0 ], [ 588.0, 2571.0 ], [ 590.0, 2571.0 ], [ 591.0, 2571.0 ], [ 593.0, 2571.0 ], [ 594.0, 2571.0 ], [ 596.0, 2571.0 ], [ 597.0, 2571.0 ], [ 599.0, 2571.0 ], [ 600.0, 2572.0 ], [ 600.0, 2574.0 ], [ 600.0, 2575.0 ], [ 600.0, 2577.0 ], [ 600.0, 2578.0 ], [ 600.0, 2580.0 ], [ 600.0, 2581.0 ], [ 600.0, 2583.0 ], [ 600.0, 2584.0 ], [ 600.0, 2586.0 ], [ 600.0, 2587.0 ], [ 599.0, 2589.0 ], [ 597.0, 2589.0 ], [ 596.0, 2589.0 ], [ 594.0, 2589.0 ], [ 593.0, 2589.0 ], [ 591.0, 2589.0 ], [ 590.0, 2589.0 ], [ 588.0, 2589.0 ], [ 587.0, 2589.0 ], [ 585.0, 2589.0 ], [ 585.0, 2590.0 ], [ 585.0, 2592.0 ], [ 585.0, 2593.0 ], [ 585.0, 2595.0 ], [ 585.0, 2596.0 ], [ 585.0, 2598.0 ], [ 585.0, 2599.0 ], [ 585.0, 2601.0 ], [ 585.0, 2602.0 ], [ 585.0, 2604.0 ], [ 584.0, 2605.0 ], [ 582.0, 2605.0 ], [ 581.0, 2605.0 ], [ 579.0, 2605.0 ], [ 578.0, 2605.0 ], [ 576.0, 2605.0 ], [ 575.0, 2605.0 ], [ 573.0, 2605.0 ], [ 572.0, 2605.0 ], [ 570.0, 2605.0 ], [ 569.0, 2605.0 ], [ 569.0, 2607.0 ], [ 569.0, 2608.0 ], [ 569.0, 2610.0 ], [ 569.0, 2611.0 ], [ 569.0, 2612.0 ], [ 569.0, 2614.0 ], [ 569.0, 2615.0 ], [ 569.0, 2617.0 ], [ 569.0, 2618.0 ], [ 569.0, 2620.0 ], [ 567.0, 2621.0 ], [ 566.0, 2621.0 ], [ 565.0, 2621.0 ], [ 563.0, 2621.0 ], [ 562.0, 2621.0 ], [ 560.0, 2621.0 ], [ 559.0, 2621.0 ], [ 557.0, 2621.0 ], [ 556.0, 2621.0 ], [ 554.0, 2621.0 ], [ 553.0, 2621.0 ], [ 551.0, 2621.0 ], [ 550.0, 2621.0 ], [ 548.0, 2621.0 ], [ 547.0, 2621.0 ], [ 545.0, 2621.0 ], [ 544.0, 2621.0 ], [ 542.0, 2621.0 ], [ 541.0, 2621.0 ], [ 539.0, 2621.0 ], [ 538.0, 2621.0 ], [ 536.0, 2621.0 ], [ 536.0, 2623.0 ], [ 536.0, 2624.0 ], [ 536.0, 2626.0 ], [ 536.0, 2627.0 ], [ 536.0, 2629.0 ], [ 536.0, 2630.0 ], [ 536.0, 2632.0 ], [ 536.0, 2633.0 ], [ 536.0, 2635.0 ], [ 535.0, 2636.0 ], [ 533.0, 2636.0 ], [ 532.0, 2636.0 ], [ 530.0, 2636.0 ], [ 529.0, 2636.0 ], [ 527.0, 2636.0 ], [ 526.0, 2636.0 ], [ 524.0, 2636.0 ], [ 523.0, 2636.0 ], [ 522.0, 2638.0 ], [ 520.0, 2639.0 ], [ 520.0, 2641.0 ], [ 520.0, 2642.0 ], [ 520.0, 2644.0 ], [ 520.0, 2645.0 ], [ 520.0, 2647.0 ], [ 520.0, 2648.0 ], [ 520.0, 2650.0 ], [ 520.0, 2651.0 ], [ 520.0, 2653.0 ], [ 520.0, 2654.0 ], [ 520.0, 2655.0 ], [ 520.0, 2657.0 ], [ 520.0, 2658.0 ], [ 520.0, 2660.0 ], [ 520.0, 2661.0 ], [ 520.0, 2663.0 ], [ 520.0, 2664.0 ], [ 520.0, 2666.0 ], [ 520.0, 2667.0 ], [ 520.0, 2669.0 ], [ 520.0, 2670.0 ], [ 520.0, 2672.0 ], [ 520.0, 2673.0 ], [ 520.0, 2675.0 ], [ 520.0, 2676.0 ], [ 520.0, 2678.0 ], [ 520.0, 2679.0 ], [ 520.0, 2681.0 ], [ 520.0, 2682.0 ], [ 520.0, 2684.0 ], [ 519.0, 2685.0 ], [ 517.0, 2685.0 ], [ 516.0, 2685.0 ], [ 514.0, 2685.0 ], [ 513.0, 2685.0 ], [ 511.0, 2685.0 ], [ 510.0, 2685.0 ], [ 508.0, 2685.0 ], [ 507.0, 2685.0 ], [ 505.0, 2685.0 ], [ 505.0, 2687.0 ], [ 505.0, 2688.0 ], [ 505.0, 2690.0 ], [ 505.0, 2691.0 ], [ 505.0, 2693.0 ], [ 505.0, 2694.0 ], [ 505.0, 2696.0 ], [ 505.0, 2697.0 ], [ 505.0, 2698.0 ], [ 505.0, 2700.0 ], [ 505.0, 2701.0 ], [ 505.0, 2703.0 ], [ 505.0, 2704.0 ], [ 505.0, 2706.0 ], [ 505.0, 2707.0 ], [ 505.0, 2709.0 ], [ 505.0, 2710.0 ], [ 505.0, 2712.0 ], [ 505.0, 2713.0 ], [ 505.0, 2715.0 ], [ 505.0, 2716.0 ], [ 505.0, 2718.0 ], [ 505.0, 2719.0 ], [ 505.0, 2721.0 ], [ 505.0, 2722.0 ], [ 505.0, 2724.0 ], [ 505.0, 2725.0 ], [ 505.0, 2727.0 ], [ 505.0, 2728.0 ], [ 505.0, 2730.0 ], [ 505.0, 2731.0 ], [ 505.0, 2733.0 ], [ 505.0, 2734.0 ], [ 505.0, 2736.0 ], [ 505.0, 2737.0 ], [ 505.0, 2739.0 ], [ 505.0, 2740.0 ], [ 505.0, 2742.0 ], [ 505.0, 2743.0 ], [ 505.0, 2744.0 ], [ 505.0, 2746.0 ], [ 505.0, 2747.0 ], [ 505.0, 2749.0 ], [ 505.0, 2750.0 ], [ 505.0, 2752.0 ], [ 505.0, 2753.0 ], [ 505.0, 2755.0 ], [ 505.0, 2756.0 ], [ 505.0, 2758.0 ], [ 505.0, 2759.0 ], [ 505.0, 2761.0 ], [ 505.0, 2762.0 ], [ 505.0, 2764.0 ], [ 505.0, 2765.0 ], [ 505.0, 2767.0 ], [ 505.0, 2768.0 ], [ 505.0, 2770.0 ], [ 505.0, 2771.0 ], [ 505.0, 2773.0 ], [ 505.0, 2774.0 ], [ 505.0, 2776.0 ], [ 505.0, 2777.0 ], [ 505.0, 2779.0 ], [ 505.0, 2780.0 ], [ 505.0, 2782.0 ], [ 505.0, 2783.0 ], [ 505.0, 2785.0 ], [ 505.0, 2786.0 ], [ 505.0, 2787.0 ], [ 505.0, 2789.0 ], [ 505.0, 2790.0 ], [ 505.0, 2792.0 ], [ 505.0, 2793.0 ], [ 505.0, 2795.0 ], [ 505.0, 2796.0 ], [ 505.0, 2798.0 ], [ 505.0, 2799.0 ], [ 505.0, 2801.0 ], [ 505.0, 2802.0 ], [ 505.0, 2804.0 ], [ 505.0, 2805.0 ], [ 505.0, 2807.0 ], [ 505.0, 2808.0 ], [ 505.0, 2810.0 ], [ 505.0, 2811.0 ], [ 504.0, 2813.0 ], [ 502.0, 2813.0 ], [ 501.0, 2813.0 ], [ 499.0, 2813.0 ], [ 498.0, 2813.0 ], [ 496.0, 2813.0 ], [ 495.0, 2813.0 ], [ 493.0, 2813.0 ], [ 492.0, 2813.0 ], [ 490.0, 2813.0 ], [ 489.0, 2814.0 ], [ 489.0, 2816.0 ], [ 489.0, 2817.0 ], [ 489.0, 2819.0 ], [ 489.0, 2820.0 ], [ 489.0, 2822.0 ], [ 489.0, 2823.0 ], [ 489.0, 2825.0 ], [ 489.0, 2826.0 ], [ 489.0, 2828.0 ], [ 489.0, 2829.0 ], [ 489.0, 2830.0 ], [ 489.0, 2832.0 ], [ 489.0, 2833.0 ], [ 489.0, 2835.0 ], [ 489.0, 2836.0 ], [ 489.0, 2838.0 ], [ 489.0, 2839.0 ], [ 489.0, 2841.0 ], [ 489.0, 2842.0 ], [ 489.0, 2844.0 ], [ 489.0, 2845.0 ], [ 489.0, 2847.0 ], [ 489.0, 2848.0 ], [ 489.0, 2850.0 ], [ 489.0, 2851.0 ], [ 489.0, 2853.0 ], [ 489.0, 2854.0 ], [ 489.0, 2856.0 ], [ 489.0, 2857.0 ], [ 489.0, 2859.0 ], [ 490.0, 2860.0 ], [ 492.0, 2860.0 ], [ 493.0, 2860.0 ], [ 495.0, 2860.0 ], [ 496.0, 2860.0 ], [ 498.0, 2860.0 ], [ 499.0, 2860.0 ], [ 501.0, 2860.0 ], [ 502.0, 2860.0 ], [ 504.0, 2860.0 ], [ 505.0, 2862.0 ], [ 505.0, 2863.0 ], [ 505.0, 2865.0 ], [ 505.0, 2866.0 ], [ 505.0, 2868.0 ], [ 505.0, 2869.0 ], [ 505.0, 2871.0 ], [ 505.0, 2872.0 ], [ 505.0, 2873.0 ], [ 505.0, 2875.0 ], [ 505.0, 2876.0 ], [ 505.0, 2878.0 ], [ 505.0, 2879.0 ], [ 505.0, 2881.0 ], [ 505.0, 2882.0 ], [ 505.0, 2884.0 ], [ 505.0, 2885.0 ], [ 505.0, 2887.0 ], [ 505.0, 2888.0 ], [ 505.0, 2890.0 ], [ 505.0, 2891.0 ], [ 505.0, 2893.0 ], [ 505.0, 2894.0 ], [ 505.0, 2896.0 ], [ 505.0, 2897.0 ], [ 505.0, 2899.0 ], [ 505.0, 2900.0 ], [ 505.0, 2902.0 ], [ 505.0, 2903.0 ], [ 505.0, 2905.0 ], [ 505.0, 2906.0 ], [ 505.0, 2908.0 ], [ 507.0, 2908.0 ], [ 508.0, 2908.0 ], [ 510.0, 2908.0 ], [ 511.0, 2908.0 ], [ 513.0, 2908.0 ], [ 514.0, 2908.0 ], [ 516.0, 2908.0 ], [ 517.0, 2908.0 ], [ 519.0, 2908.0 ], [ 520.0, 2909.0 ], [ 520.0, 2911.0 ], [ 520.0, 2912.0 ], [ 520.0, 2914.0 ], [ 520.0, 2915.0 ], [ 520.0, 2916.0 ], [ 520.0, 2918.0 ], [ 520.0, 2919.0 ], [ 520.0, 2921.0 ], [ 520.0, 2922.0 ], [ 522.0, 2924.0 ], [ 523.0, 2924.0 ], [ 524.0, 2924.0 ], [ 526.0, 2924.0 ], [ 527.0, 2924.0 ], [ 529.0, 2924.0 ], [ 530.0, 2924.0 ], [ 532.0, 2924.0 ], [ 533.0, 2924.0 ], [ 535.0, 2924.0 ], [ 536.0, 2924.0 ], [ 538.0, 2925.0 ], [ 536.0, 2927.0 ], [ 536.0, 2928.0 ], [ 536.0, 2930.0 ], [ 536.0, 2931.0 ], [ 536.0, 2933.0 ], [ 536.0, 2934.0 ], [ 536.0, 2936.0 ], [ 536.0, 2937.0 ], [ 536.0, 2939.0 ], [ 536.0, 2940.0 ], [ 536.0, 2942.0 ], [ 536.0, 2943.0 ], [ 536.0, 2945.0 ], [ 536.0, 2946.0 ], [ 536.0, 2948.0 ], [ 536.0, 2949.0 ], [ 536.0, 2951.0 ], [ 536.0, 2952.0 ], [ 536.0, 2954.0 ], [ 536.0, 2955.0 ], [ 538.0, 2955.0 ], [ 539.0, 2955.0 ], [ 541.0, 2957.0 ], [ 542.0, 2957.0 ], [ 544.0, 2957.0 ], [ 545.0, 2957.0 ], [ 547.0, 2957.0 ], [ 548.0, 2957.0 ], [ 550.0, 2957.0 ], [ 551.0, 2957.0 ], [ 553.0, 2958.0 ], [ 553.0, 2960.0 ], [ 553.0, 2961.0 ], [ 553.0, 2962.0 ], [ 553.0, 2964.0 ], [ 554.0, 2964.0 ], [ 556.0, 2964.0 ], [ 557.0, 2964.0 ], [ 559.0, 2964.0 ], [ 560.0, 2964.0 ], [ 562.0, 2964.0 ], [ 563.0, 2964.0 ], [ 565.0, 2964.0 ], [ 566.0, 2964.0 ], [ 567.0, 2964.0 ], [ 569.0, 2964.0 ], [ 570.0, 2964.0 ], [ 572.0, 2964.0 ], [ 573.0, 2964.0 ], [ 575.0, 2964.0 ], [ 576.0, 2964.0 ], [ 578.0, 2964.0 ], [ 579.0, 2964.0 ], [ 581.0, 2964.0 ], [ 582.0, 2964.0 ], [ 584.0, 2964.0 ], [ 585.0, 2964.0 ], [ 587.0, 2964.0 ], [ 588.0, 2964.0 ], [ 590.0, 2964.0 ], [ 591.0, 2964.0 ], [ 593.0, 2964.0 ], [ 594.0, 2964.0 ], [ 596.0, 2964.0 ], [ 597.0, 2964.0 ], [ 599.0, 2964.0 ], [ 600.0, 2964.0 ], [ 602.0, 2964.0 ], [ 603.0, 2964.0 ], [ 605.0, 2964.0 ], [ 606.0, 2964.0 ], [ 608.0, 2964.0 ], [ 609.0, 2964.0 ], [ 610.0, 2964.0 ], [ 612.0, 2964.0 ], [ 613.0, 2964.0 ], [ 615.0, 2964.0 ], [ 616.0, 2964.0 ], [ 618.0, 2964.0 ], [ 619.0, 2964.0 ], [ 621.0, 2964.0 ], [ 622.0, 2964.0 ], [ 624.0, 2964.0 ], [ 625.0, 2964.0 ], [ 627.0, 2964.0 ], [ 628.0, 2964.0 ], [ 630.0, 2964.0 ], [ 631.0, 2964.0 ], [ 633.0, 2964.0 ], [ 634.0, 2964.0 ], [ 636.0, 2964.0 ], [ 637.0, 2964.0 ], [ 639.0, 2964.0 ], [ 640.0, 2964.0 ], [ 642.0, 2964.0 ], [ 643.0, 2964.0 ], [ 645.0, 2964.0 ], [ 646.0, 2964.0 ], [ 648.0, 2964.0 ], [ 649.0, 2964.0 ], [ 651.0, 2964.0 ], [ 652.0, 2964.0 ], [ 653.0, 2964.0 ], [ 655.0, 2964.0 ], [ 656.0, 2964.0 ], [ 658.0, 2964.0 ], [ 659.0, 2964.0 ], [ 661.0, 2964.0 ], [ 662.0, 2964.0 ], [ 664.0, 2964.0 ], [ 665.0, 2964.0 ], [ 667.0, 2964.0 ], [ 668.0, 2964.0 ], [ 670.0, 2964.0 ], [ 671.0, 2964.0 ], [ 673.0, 2964.0 ], [ 674.0, 2964.0 ], [ 676.0, 2964.0 ], [ 677.0, 2964.0 ], [ 679.0, 2964.0 ], [ 680.0, 2964.0 ], [ 682.0, 2964.0 ], [ 683.0, 2964.0 ], [ 685.0, 2964.0 ], [ 686.0, 2964.0 ], [ 688.0, 2964.0 ], [ 689.0, 2964.0 ], [ 691.0, 2964.0 ], [ 692.0, 2964.0 ], [ 694.0, 2964.0 ], [ 695.0, 2964.0 ], [ 696.0, 2964.0 ], [ 698.0, 2964.0 ], [ 699.0, 2964.0 ], [ 701.0, 2964.0 ], [ 702.0, 2964.0 ], [ 704.0, 2964.0 ], [ 705.0, 2964.0 ], [ 707.0, 2964.0 ], [ 708.0, 2964.0 ], [ 710.0, 2964.0 ], [ 711.0, 2964.0 ], [ 713.0, 2964.0 ], [ 714.0, 2964.0 ], [ 716.0, 2964.0 ], [ 717.0, 2964.0 ], [ 719.0, 2964.0 ], [ 720.0, 2964.0 ], [ 722.0, 2964.0 ], [ 723.0, 2964.0 ], [ 725.0, 2964.0 ], [ 726.0, 2964.0 ], [ 728.0, 2964.0 ], [ 729.0, 2964.0 ], [ 731.0, 2964.0 ], [ 732.0, 2964.0 ], [ 734.0, 2964.0 ], [ 735.0, 2964.0 ], [ 737.0, 2964.0 ], [ 738.0, 2964.0 ], [ 740.0, 2964.0 ], [ 741.0, 2964.0 ], [ 742.0, 2964.0 ], [ 744.0, 2964.0 ], [ 745.0, 2964.0 ], [ 747.0, 2964.0 ], [ 748.0, 2964.0 ], [ 750.0, 2964.0 ], [ 751.0, 2964.0 ], [ 753.0, 2964.0 ], [ 754.0, 2964.0 ], [ 756.0, 2964.0 ], [ 757.0, 2964.0 ], [ 759.0, 2964.0 ], [ 760.0, 2964.0 ], [ 762.0, 2964.0 ], [ 763.0, 2964.0 ], [ 765.0, 2964.0 ], [ 766.0, 2964.0 ], [ 768.0, 2964.0 ], [ 769.0, 2964.0 ], [ 771.0, 2964.0 ], [ 772.0, 2964.0 ], [ 774.0, 2964.0 ], [ 775.0, 2964.0 ], [ 777.0, 2964.0 ], [ 778.0, 2964.0 ], [ 780.0, 2964.0 ], [ 781.0, 2964.0 ], [ 783.0, 2964.0 ], [ 784.0, 2964.0 ], [ 785.0, 2964.0 ], [ 787.0, 2964.0 ], [ 788.0, 2964.0 ], [ 790.0, 2964.0 ], [ 791.0, 2964.0 ], [ 793.0, 2964.0 ], [ 794.0, 2964.0 ], [ 796.0, 2964.0 ], [ 797.0, 2964.0 ], [ 799.0, 2964.0 ], [ 800.0, 2964.0 ], [ 802.0, 2964.0 ], [ 803.0, 2964.0 ], [ 805.0, 2964.0 ], [ 806.0, 2964.0 ], [ 808.0, 2964.0 ], [ 809.0, 2964.0 ], [ 811.0, 2964.0 ], [ 812.0, 2964.0 ], [ 814.0, 2964.0 ], [ 815.0, 2964.0 ], [ 817.0, 2964.0 ], [ 818.0, 2964.0 ], [ 820.0, 2964.0 ], [ 821.0, 2964.0 ], [ 823.0, 2964.0 ], [ 824.0, 2964.0 ], [ 826.0, 2964.0 ], [ 827.0, 2964.0 ], [ 828.0, 2964.0 ], [ 830.0, 2964.0 ], [ 831.0, 2964.0 ], [ 833.0, 2964.0 ], [ 834.0, 2964.0 ], [ 836.0, 2964.0 ], [ 837.0, 2964.0 ], [ 839.0, 2964.0 ], [ 840.0, 2964.0 ], [ 842.0, 2964.0 ], [ 843.0, 2964.0 ], [ 845.0, 2964.0 ], [ 846.0, 2964.0 ], [ 848.0, 2964.0 ], [ 849.0, 2964.0 ], [ 851.0, 2964.0 ], [ 852.0, 2964.0 ], [ 854.0, 2964.0 ], [ 855.0, 2964.0 ], [ 857.0, 2964.0 ], [ 858.0, 2964.0 ], [ 860.0, 2964.0 ], [ 861.0, 2964.0 ], [ 863.0, 2964.0 ], [ 864.0, 2964.0 ], [ 866.0, 2964.0 ], [ 867.0, 2964.0 ], [ 869.0, 2964.0 ], [ 870.0, 2964.0 ], [ 871.0, 2964.0 ], [ 873.0, 2964.0 ], [ 874.0, 2964.0 ], [ 876.0, 2964.0 ], [ 877.0, 2964.0 ], [ 879.0, 2964.0 ], [ 880.0, 2964.0 ], [ 882.0, 2964.0 ], [ 883.0, 2964.0 ], [ 885.0, 2964.0 ], [ 886.0, 2964.0 ], [ 888.0, 2964.0 ], [ 889.0, 2964.0 ], [ 891.0, 2964.0 ], [ 892.0, 2964.0 ], [ 894.0, 2964.0 ], [ 895.0, 2964.0 ], [ 897.0, 2964.0 ], [ 898.0, 2964.0 ], [ 900.0, 2964.0 ], [ 901.0, 2964.0 ], [ 903.0, 2964.0 ], [ 904.0, 2964.0 ], [ 906.0, 2964.0 ], [ 907.0, 2964.0 ], [ 909.0, 2964.0 ], [ 910.0, 2964.0 ], [ 912.0, 2964.0 ], [ 913.0, 2964.0 ], [ 914.0, 2964.0 ], [ 916.0, 2964.0 ], [ 917.0, 2964.0 ], [ 919.0, 2964.0 ], [ 920.0, 2964.0 ], [ 922.0, 2964.0 ], [ 923.0, 2964.0 ], [ 925.0, 2964.0 ], [ 926.0, 2964.0 ], [ 928.0, 2964.0 ], [ 929.0, 2964.0 ], [ 931.0, 2964.0 ], [ 932.0, 2964.0 ], [ 934.0, 2964.0 ], [ 935.0, 2964.0 ], [ 937.0, 2964.0 ], [ 938.0, 2964.0 ], [ 940.0, 2964.0 ], [ 941.0, 2964.0 ], [ 943.0, 2964.0 ], [ 944.0, 2964.0 ], [ 946.0, 2964.0 ], [ 947.0, 2964.0 ], [ 949.0, 2964.0 ], [ 950.0, 2964.0 ], [ 952.0, 2964.0 ], [ 953.0, 2964.0 ], [ 955.0, 2964.0 ], [ 956.0, 2964.0 ], [ 957.0, 2964.0 ], [ 959.0, 2964.0 ], [ 960.0, 2964.0 ], [ 962.0, 2964.0 ], [ 963.0, 2964.0 ], [ 965.0, 2964.0 ], [ 966.0, 2964.0 ], [ 968.0, 2964.0 ], [ 969.0, 2964.0 ], [ 971.0, 2964.0 ], [ 972.0, 2964.0 ], [ 974.0, 2964.0 ], [ 975.0, 2964.0 ], [ 977.0, 2964.0 ], [ 978.0, 2964.0 ], [ 980.0, 2964.0 ], [ 981.0, 2964.0 ], [ 983.0, 2964.0 ], [ 984.0, 2964.0 ], [ 986.0, 2964.0 ], [ 987.0, 2964.0 ], [ 989.0, 2964.0 ], [ 990.0, 2964.0 ], [ 992.0, 2964.0 ], [ 993.0, 2964.0 ], [ 995.0, 2964.0 ], [ 996.0, 2964.0 ], [ 998.0, 2964.0 ], [ 999.0, 2964.0 ], [ 1001.0, 2964.0 ], [ 1002.0, 2964.0 ], [ 1003.0, 2964.0 ], [ 1005.0, 2964.0 ], [ 1006.0, 2964.0 ], [ 1008.0, 2964.0 ], [ 1009.0, 2964.0 ], [ 1011.0, 2964.0 ], [ 1012.0, 2964.0 ], [ 1014.0, 2964.0 ], [ 1015.0, 2964.0 ], [ 1017.0, 2964.0 ], [ 1018.0, 2964.0 ], [ 1020.0, 2964.0 ], [ 1021.0, 2964.0 ], [ 1023.0, 2964.0 ], [ 1024.0, 2964.0 ], [ 1026.0, 2964.0 ], [ 1027.0, 2964.0 ], [ 1029.0, 2964.0 ], [ 1030.0, 2964.0 ], [ 1032.0, 2964.0 ], [ 1033.0, 2964.0 ], [ 1035.0, 2964.0 ], [ 1036.0, 2964.0 ], [ 1038.0, 2964.0 ], [ 1039.0, 2964.0 ], [ 1041.0, 2964.0 ], [ 1042.0, 2964.0 ], [ 1044.0, 2964.0 ], [ 1045.0, 2964.0 ], [ 1046.0, 2964.0 ], [ 1048.0, 2964.0 ], [ 1049.0, 2964.0 ], [ 1051.0, 2964.0 ], [ 1052.0, 2964.0 ], [ 1054.0, 2964.0 ], [ 1055.0, 2964.0 ], [ 1057.0, 2964.0 ], [ 1058.0, 2964.0 ], [ 1060.0, 2964.0 ], [ 1061.0, 2964.0 ], [ 1063.0, 2964.0 ], [ 1064.0, 2964.0 ], [ 1066.0, 2964.0 ], [ 1067.0, 2964.0 ], [ 1069.0, 2964.0 ], [ 1070.0, 2964.0 ], [ 1072.0, 2964.0 ], [ 1073.0, 2964.0 ], [ 1075.0, 2964.0 ], [ 1076.0, 2964.0 ], [ 1078.0, 2964.0 ], [ 1079.0, 2964.0 ], [ 1081.0, 2964.0 ], [ 1081.0, 2962.0 ], [ 1081.0, 2961.0 ], [ 1081.0, 2960.0 ], [ 1081.0, 2958.0 ], [ 1082.0, 2957.0 ], [ 1084.0, 2957.0 ], [ 1085.0, 2957.0 ], [ 1087.0, 2957.0 ], [ 1088.0, 2957.0 ], [ 1089.0, 2957.0 ], [ 1091.0, 2957.0 ], [ 1092.0, 2957.0 ], [ 1094.0, 2957.0 ], [ 1095.0, 2957.0 ], [ 1097.0, 2957.0 ], [ 1098.0, 2957.0 ], [ 1100.0, 2957.0 ], [ 1101.0, 2957.0 ], [ 1103.0, 2957.0 ], [ 1104.0, 2957.0 ], [ 1106.0, 2957.0 ], [ 1107.0, 2957.0 ], [ 1109.0, 2957.0 ], [ 1110.0, 2957.0 ], [ 1112.0, 2957.0 ], [ 1113.0, 2958.0 ], [ 1113.0, 2960.0 ], [ 1113.0, 2961.0 ], [ 1113.0, 2962.0 ], [ 1113.0, 2964.0 ], [ 1115.0, 2964.0 ], [ 1116.0, 2964.0 ], [ 1118.0, 2964.0 ], [ 1119.0, 2964.0 ], [ 1121.0, 2964.0 ], [ 1122.0, 2964.0 ], [ 1124.0, 2964.0 ], [ 1125.0, 2964.0 ], [ 1127.0, 2964.0 ], [ 1128.0, 2964.0 ], [ 1130.0, 2964.0 ], [ 1131.0, 2964.0 ], [ 1132.0, 2964.0 ], [ 1134.0, 2964.0 ], [ 1135.0, 2964.0 ], [ 1137.0, 2964.0 ], [ 1138.0, 2964.0 ], [ 1140.0, 2964.0 ], [ 1141.0, 2964.0 ], [ 1143.0, 2964.0 ], [ 1144.0, 2964.0 ], [ 1146.0, 2964.0 ], [ 1147.0, 2964.0 ], [ 1149.0, 2964.0 ], [ 1150.0, 2964.0 ], [ 1152.0, 2964.0 ], [ 1153.0, 2964.0 ], [ 1155.0, 2964.0 ], [ 1156.0, 2964.0 ], [ 1158.0, 2964.0 ], [ 1159.0, 2964.0 ], [ 1161.0, 2964.0 ], [ 1162.0, 2964.0 ], [ 1164.0, 2964.0 ], [ 1165.0, 2964.0 ], [ 1167.0, 2964.0 ], [ 1168.0, 2964.0 ], [ 1170.0, 2964.0 ], [ 1171.0, 2964.0 ], [ 1173.0, 2964.0 ], [ 1174.0, 2964.0 ], [ 1175.0, 2964.0 ], [ 1177.0, 2964.0 ], [ 1178.0, 2964.0 ], [ 1180.0, 2964.0 ], [ 1181.0, 2964.0 ], [ 1183.0, 2964.0 ], [ 1184.0, 2964.0 ], [ 1186.0, 2964.0 ], [ 1187.0, 2964.0 ], [ 1189.0, 2964.0 ], [ 1190.0, 2964.0 ], [ 1192.0, 2964.0 ], [ 1193.0, 2964.0 ], [ 1195.0, 2964.0 ], [ 1196.0, 2964.0 ], [ 1198.0, 2964.0 ], [ 1199.0, 2964.0 ], [ 1201.0, 2964.0 ], [ 1202.0, 2964.0 ], [ 1204.0, 2964.0 ], [ 1205.0, 2964.0 ], [ 1207.0, 2964.0 ], [ 1208.0, 2964.0 ], [ 1210.0, 2964.0 ], [ 1211.0, 2964.0 ], [ 1213.0, 2964.0 ], [ 1214.0, 2964.0 ], [ 1216.0, 2964.0 ], [ 1217.0, 2964.0 ], [ 1218.0, 2964.0 ], [ 1220.0, 2964.0 ], [ 1221.0, 2964.0 ], [ 1223.0, 2964.0 ], [ 1224.0, 2964.0 ], [ 1224.0, 2962.0 ], [ 1224.0, 2961.0 ], [ 1224.0, 2960.0 ], [ 1224.0, 2958.0 ], [ 1224.0, 2957.0 ], [ 1224.0, 2955.0 ], [ 1224.0, 2954.0 ], [ 1224.0, 2952.0 ], [ 1224.0, 2951.0 ], [ 1224.0, 2949.0 ], [ 1224.0, 2948.0 ], [ 1224.0, 2946.0 ], [ 1224.0, 2945.0 ], [ 1224.0, 2943.0 ], [ 1224.0, 2942.0 ], [ 1226.0, 2940.0 ], [ 1227.0, 2940.0 ], [ 1229.0, 2940.0 ], [ 1230.0, 2940.0 ], [ 1232.0, 2940.0 ], [ 1233.0, 2940.0 ], [ 1235.0, 2940.0 ], [ 1236.0, 2940.0 ], [ 1238.0, 2940.0 ], [ 1239.0, 2940.0 ], [ 1241.0, 2939.0 ], [ 1241.0, 2937.0 ], [ 1241.0, 2936.0 ], [ 1241.0, 2934.0 ], [ 1241.0, 2933.0 ], [ 1241.0, 2931.0 ], [ 1241.0, 2930.0 ], [ 1241.0, 2928.0 ], [ 1241.0, 2927.0 ], [ 1241.0, 2925.0 ], [ 1242.0, 2924.0 ], [ 1244.0, 2924.0 ], [ 1245.0, 2924.0 ], [ 1247.0, 2924.0 ], [ 1248.0, 2924.0 ], [ 1250.0, 2924.0 ], [ 1251.0, 2924.0 ], [ 1253.0, 2924.0 ], [ 1254.0, 2924.0 ], [ 1256.0, 2924.0 ], [ 1257.0, 2922.0 ], [ 1259.0, 2924.0 ], [ 1259.0, 2925.0 ], [ 1259.0, 2927.0 ], [ 1259.0, 2928.0 ], [ 1259.0, 2930.0 ], [ 1259.0, 2931.0 ], [ 1259.0, 2933.0 ], [ 1259.0, 2934.0 ], [ 1259.0, 2936.0 ], [ 1259.0, 2937.0 ], [ 1259.0, 2939.0 ], [ 1259.0, 2940.0 ], [ 1259.0, 2942.0 ], [ 1259.0, 2943.0 ], [ 1259.0, 2945.0 ], [ 1259.0, 2946.0 ], [ 1259.0, 2948.0 ], [ 1259.0, 2949.0 ], [ 1259.0, 2951.0 ], [ 1259.0, 2952.0 ], [ 1259.0, 2954.0 ], [ 1259.0, 2955.0 ], [ 1259.0, 2957.0 ], [ 1259.0, 2958.0 ], [ 1259.0, 2960.0 ], [ 1259.0, 2961.0 ], [ 1259.0, 2962.0 ], [ 1259.0, 2964.0 ], [ 1260.0, 2964.0 ], [ 1262.0, 2964.0 ], [ 1263.0, 2964.0 ], [ 1264.0, 2964.0 ], [ 1266.0, 2964.0 ], [ 1267.0, 2964.0 ], [ 1269.0, 2964.0 ], [ 1270.0, 2964.0 ], [ 1272.0, 2964.0 ], [ 1273.0, 2964.0 ], [ 1275.0, 2964.0 ], [ 1276.0, 2964.0 ], [ 1278.0, 2964.0 ], [ 1279.0, 2964.0 ], [ 1281.0, 2964.0 ], [ 1282.0, 2964.0 ], [ 1284.0, 2964.0 ], [ 1285.0, 2964.0 ], [ 1287.0, 2964.0 ], [ 1288.0, 2964.0 ], [ 1290.0, 2964.0 ], [ 1291.0, 2964.0 ], [ 1293.0, 2964.0 ], [ 1294.0, 2964.0 ], [ 1296.0, 2964.0 ], [ 1297.0, 2964.0 ], [ 1299.0, 2964.0 ], [ 1300.0, 2964.0 ], [ 1302.0, 2964.0 ], [ 1303.0, 2964.0 ], [ 1305.0, 2964.0 ], [ 1306.0, 2964.0 ], [ 1307.0, 2964.0 ], [ 1309.0, 2964.0 ], [ 1310.0, 2964.0 ], [ 1312.0, 2964.0 ], [ 1313.0, 2964.0 ], [ 1315.0, 2964.0 ], [ 1316.0, 2964.0 ], [ 1318.0, 2964.0 ], [ 1319.0, 2964.0 ], [ 1321.0, 2964.0 ], [ 1322.0, 2964.0 ], [ 1324.0, 2964.0 ], [ 1325.0, 2964.0 ], [ 1327.0, 2964.0 ], [ 1328.0, 2964.0 ], [ 1330.0, 2964.0 ], [ 1331.0, 2964.0 ], [ 1333.0, 2964.0 ], [ 1334.0, 2964.0 ], [ 1336.0, 2964.0 ], [ 1337.0, 2964.0 ], [ 1339.0, 2964.0 ], [ 1340.0, 2964.0 ], [ 1342.0, 2964.0 ], [ 1343.0, 2964.0 ], [ 1345.0, 2964.0 ], [ 1346.0, 2964.0 ], [ 1348.0, 2964.0 ], [ 1349.0, 2964.0 ], [ 1350.0, 2964.0 ], [ 1352.0, 2964.0 ], [ 1353.0, 2964.0 ], [ 1355.0, 2964.0 ], [ 1356.0, 2964.0 ], [ 1358.0, 2964.0 ], [ 1359.0, 2964.0 ], [ 1361.0, 2964.0 ], [ 1362.0, 2964.0 ], [ 1364.0, 2964.0 ], [ 1365.0, 2964.0 ], [ 1367.0, 2964.0 ], [ 1368.0, 2964.0 ], [ 1370.0, 2964.0 ], [ 1371.0, 2964.0 ], [ 1373.0, 2964.0 ], [ 1374.0, 2964.0 ], [ 1376.0, 2964.0 ], [ 1377.0, 2964.0 ], [ 1379.0, 2964.0 ], [ 1380.0, 2964.0 ], [ 1382.0, 2964.0 ], [ 1383.0, 2964.0 ], [ 1385.0, 2964.0 ], [ 1386.0, 2964.0 ], [ 1388.0, 2964.0 ], [ 1389.0, 2964.0 ], [ 1391.0, 2964.0 ], [ 1392.0, 2964.0 ], [ 1393.0, 2964.0 ], [ 1395.0, 2964.0 ], [ 1396.0, 2964.0 ], [ 1398.0, 2964.0 ], [ 1399.0, 2964.0 ], [ 1401.0, 2964.0 ], [ 1402.0, 2964.0 ], [ 1404.0, 2964.0 ], [ 1405.0, 2964.0 ], [ 1407.0, 2964.0 ], [ 1408.0, 2964.0 ], [ 1410.0, 2964.0 ], [ 1411.0, 2964.0 ], [ 1413.0, 2964.0 ], [ 1414.0, 2964.0 ], [ 1416.0, 2964.0 ], [ 1417.0, 2964.0 ], [ 1419.0, 2964.0 ], [ 1420.0, 2964.0 ], [ 1422.0, 2964.0 ], [ 1423.0, 2964.0 ], [ 1425.0, 2964.0 ], [ 1426.0, 2964.0 ], [ 1428.0, 2964.0 ], [ 1429.0, 2964.0 ], [ 1431.0, 2964.0 ], [ 1432.0, 2964.0 ], [ 1434.0, 2964.0 ], [ 1435.0, 2964.0 ], [ 1436.0, 2964.0 ], [ 1438.0, 2964.0 ], [ 1439.0, 2964.0 ], [ 1441.0, 2964.0 ], [ 1442.0, 2964.0 ], [ 1444.0, 2964.0 ], [ 1445.0, 2964.0 ], [ 1447.0, 2964.0 ], [ 1448.0, 2964.0 ], [ 1450.0, 2964.0 ], [ 1451.0, 2964.0 ], [ 1453.0, 2964.0 ], [ 1454.0, 2964.0 ], [ 1456.0, 2964.0 ], [ 1457.0, 2964.0 ], [ 1459.0, 2964.0 ], [ 1460.0, 2964.0 ], [ 1462.0, 2964.0 ], [ 1463.0, 2964.0 ], [ 1465.0, 2964.0 ], [ 1466.0, 2964.0 ], [ 1468.0, 2964.0 ], [ 1469.0, 2964.0 ], [ 1471.0, 2964.0 ], [ 1472.0, 2964.0 ], [ 1474.0, 2964.0 ], [ 1475.0, 2964.0 ], [ 1477.0, 2964.0 ], [ 1478.0, 2964.0 ], [ 1480.0, 2964.0 ], [ 1481.0, 2964.0 ], [ 1482.0, 2964.0 ], [ 1484.0, 2964.0 ], [ 1485.0, 2964.0 ], [ 1487.0, 2964.0 ], [ 1488.0, 2964.0 ], [ 1490.0, 2964.0 ], [ 1491.0, 2964.0 ], [ 1493.0, 2964.0 ], [ 1494.0, 2964.0 ], [ 1496.0, 2964.0 ], [ 1497.0, 2964.0 ], [ 1499.0, 2964.0 ], [ 1500.0, 2964.0 ], [ 1502.0, 2964.0 ], [ 1503.0, 2964.0 ], [ 1505.0, 2964.0 ], [ 1506.0, 2964.0 ], [ 1508.0, 2964.0 ], [ 1509.0, 2964.0 ], [ 1511.0, 2964.0 ], [ 1512.0, 2964.0 ], [ 1514.0, 2964.0 ], [ 1515.0, 2964.0 ], [ 1517.0, 2964.0 ], [ 1518.0, 2964.0 ], [ 1520.0, 2964.0 ], [ 1521.0, 2964.0 ], [ 1523.0, 2964.0 ], [ 1524.0, 2964.0 ], [ 1525.0, 2964.0 ], [ 1527.0, 2964.0 ], [ 1528.0, 2964.0 ], [ 1528.0, 2962.0 ], [ 1528.0, 2961.0 ], [ 1528.0, 2960.0 ], [ 1528.0, 2958.0 ], [ 1530.0, 2957.0 ], [ 1531.0, 2958.0 ], [ 1531.0, 2960.0 ], [ 1531.0, 2961.0 ], [ 1531.0, 2962.0 ], [ 1531.0, 2964.0 ], [ 1533.0, 2964.0 ], [ 1534.0, 2964.0 ], [ 1536.0, 2964.0 ], [ 1537.0, 2964.0 ], [ 1539.0, 2964.0 ], [ 1540.0, 2964.0 ], [ 1542.0, 2964.0 ], [ 1543.0, 2964.0 ], [ 1545.0, 2964.0 ], [ 1546.0, 2964.0 ], [ 1548.0, 2964.0 ], [ 1549.0, 2964.0 ], [ 1551.0, 2964.0 ], [ 1552.0, 2964.0 ], [ 1554.0, 2964.0 ], [ 1555.0, 2964.0 ], [ 1557.0, 2964.0 ], [ 1558.0, 2964.0 ], [ 1560.0, 2964.0 ], [ 1561.0, 2964.0 ], [ 1563.0, 2964.0 ], [ 1564.0, 2964.0 ], [ 1566.0, 2964.0 ], [ 1567.0, 2964.0 ], [ 1568.0, 2964.0 ], [ 1570.0, 2964.0 ], [ 1571.0, 2964.0 ], [ 1573.0, 2964.0 ], [ 1574.0, 2964.0 ], [ 1576.0, 2964.0 ], [ 1577.0, 2964.0 ], [ 1579.0, 2964.0 ], [ 1580.0, 2964.0 ], [ 1582.0, 2964.0 ], [ 1583.0, 2964.0 ], [ 1585.0, 2964.0 ], [ 1586.0, 2964.0 ], [ 1588.0, 2964.0 ], [ 1589.0, 2964.0 ], [ 1591.0, 2964.0 ], [ 1592.0, 2964.0 ], [ 1594.0, 2964.0 ], [ 1595.0, 2964.0 ], [ 1597.0, 2964.0 ], [ 1598.0, 2964.0 ], [ 1600.0, 2964.0 ], [ 1601.0, 2964.0 ], [ 1603.0, 2964.0 ], [ 1604.0, 2964.0 ], [ 1606.0, 2964.0 ], [ 1607.0, 2964.0 ], [ 1609.0, 2964.0 ], [ 1610.0, 2964.0 ], [ 1611.0, 2964.0 ], [ 1613.0, 2964.0 ], [ 1614.0, 2964.0 ], [ 1616.0, 2964.0 ], [ 1617.0, 2964.0 ], [ 1619.0, 2964.0 ], [ 1620.0, 2964.0 ], [ 1622.0, 2964.0 ], [ 1623.0, 2964.0 ], [ 1625.0, 2964.0 ], [ 1626.0, 2964.0 ], [ 1628.0, 2964.0 ], [ 1629.0, 2964.0 ], [ 1631.0, 2964.0 ], [ 1632.0, 2964.0 ], [ 1634.0, 2964.0 ], [ 1635.0, 2964.0 ], [ 1637.0, 2964.0 ], [ 1638.0, 2964.0 ], [ 1640.0, 2964.0 ], [ 1641.0, 2964.0 ], [ 1643.0, 2964.0 ], [ 1644.0, 2964.0 ], [ 1646.0, 2964.0 ], [ 1647.0, 2964.0 ], [ 1649.0, 2964.0 ], [ 1650.0, 2964.0 ], [ 1652.0, 2964.0 ], [ 1653.0, 2964.0 ], [ 1654.0, 2964.0 ], [ 1656.0, 2964.0 ], [ 1657.0, 2964.0 ], [ 1659.0, 2964.0 ], [ 1660.0, 2964.0 ], [ 1662.0, 2964.0 ], [ 1663.0, 2964.0 ], [ 1665.0, 2964.0 ], [ 1666.0, 2964.0 ], [ 1668.0, 2964.0 ], [ 1669.0, 2964.0 ], [ 1671.0, 2964.0 ], [ 1672.0, 2964.0 ], [ 1674.0, 2964.0 ], [ 1674.0, 2962.0 ], [ 1674.0, 2961.0 ], [ 1674.0, 2960.0 ], [ 1674.0, 2958.0 ], [ 1675.0, 2957.0 ], [ 1677.0, 2957.0 ], [ 1678.0, 2957.0 ], [ 1680.0, 2957.0 ], [ 1681.0, 2957.0 ], [ 1683.0, 2957.0 ], [ 1684.0, 2957.0 ], [ 1686.0, 2957.0 ], [ 1687.0, 2955.0 ], [ 1689.0, 2955.0 ], [ 1689.0, 2954.0 ], [ 1690.0, 2952.0 ], [ 1690.0, 2951.0 ], [ 1690.0, 2949.0 ], [ 1690.0, 2948.0 ], [ 1690.0, 2946.0 ], [ 1690.0, 2945.0 ], [ 1690.0, 2943.0 ], [ 1690.0, 2942.0 ], [ 1690.0, 2940.0 ], [ 1690.0, 2939.0 ], [ 1690.0, 2937.0 ], [ 1690.0, 2936.0 ], [ 1690.0, 2934.0 ], [ 1690.0, 2933.0 ], [ 1690.0, 2931.0 ], [ 1690.0, 2930.0 ], [ 1690.0, 2928.0 ], [ 1690.0, 2927.0 ], [ 1690.0, 2925.0 ], [ 1690.0, 2924.0 ], [ 1690.0, 2922.0 ], [ 1690.0, 2921.0 ], [ 1690.0, 2919.0 ], [ 1690.0, 2918.0 ], [ 1690.0, 2916.0 ], [ 1690.0, 2915.0 ], [ 1690.0, 2914.0 ], [ 1690.0, 2912.0 ], [ 1690.0, 2911.0 ], [ 1690.0, 2909.0 ], [ 1692.0, 2908.0 ], [ 1693.0, 2908.0 ], [ 1695.0, 2908.0 ], [ 1696.0, 2908.0 ], [ 1697.0, 2908.0 ], [ 1699.0, 2908.0 ], [ 1700.0, 2908.0 ], [ 1702.0, 2908.0 ], [ 1703.0, 2908.0 ], [ 1705.0, 2908.0 ], [ 1705.0, 2906.0 ], [ 1705.0, 2905.0 ], [ 1705.0, 2903.0 ], [ 1705.0, 2902.0 ], [ 1705.0, 2900.0 ], [ 1705.0, 2899.0 ], [ 1705.0, 2897.0 ], [ 1705.0, 2896.0 ], [ 1705.0, 2894.0 ], [ 1705.0, 2893.0 ], [ 1705.0, 2891.0 ], [ 1705.0, 2890.0 ], [ 1705.0, 2888.0 ], [ 1705.0, 2887.0 ], [ 1705.0, 2885.0 ], [ 1705.0, 2884.0 ], [ 1705.0, 2882.0 ], [ 1705.0, 2881.0 ], [ 1705.0, 2879.0 ], [ 1705.0, 2878.0 ], [ 1703.0, 2878.0 ], [ 1702.0, 2878.0 ], [ 1700.0, 2878.0 ], [ 1699.0, 2878.0 ], [ 1697.0, 2878.0 ], [ 1696.0, 2878.0 ], [ 1695.0, 2878.0 ], [ 1693.0, 2878.0 ], [ 1692.0, 2878.0 ], [ 1690.0, 2876.0 ], [ 1690.0, 2875.0 ], [ 1690.0, 2873.0 ], [ 1690.0, 2872.0 ], [ 1690.0, 2871.0 ], [ 1690.0, 2869.0 ], [ 1690.0, 2868.0 ], [ 1690.0, 2866.0 ], [ 1690.0, 2865.0 ], [ 1690.0, 2863.0 ], [ 1690.0, 2862.0 ], [ 1692.0, 2860.0 ], [ 1693.0, 2860.0 ], [ 1695.0, 2860.0 ], [ 1696.0, 2860.0 ], [ 1697.0, 2860.0 ], [ 1699.0, 2860.0 ], [ 1700.0, 2860.0 ], [ 1702.0, 2860.0 ], [ 1703.0, 2860.0 ], [ 1705.0, 2859.0 ], [ 1705.0, 2857.0 ], [ 1705.0, 2856.0 ], [ 1705.0, 2854.0 ], [ 1705.0, 2853.0 ], [ 1705.0, 2851.0 ], [ 1705.0, 2850.0 ], [ 1705.0, 2848.0 ], [ 1705.0, 2847.0 ], [ 1705.0, 2845.0 ], [ 1706.0, 2844.0 ], [ 1708.0, 2844.0 ], [ 1709.0, 2844.0 ], [ 1711.0, 2844.0 ], [ 1712.0, 2844.0 ], [ 1714.0, 2844.0 ], [ 1715.0, 2844.0 ], [ 1717.0, 2844.0 ], [ 1718.0, 2844.0 ], [ 1720.0, 2844.0 ], [ 1721.0, 2844.0 ], [ 1721.0, 2842.0 ], [ 1721.0, 2841.0 ], [ 1721.0, 2839.0 ], [ 1721.0, 2838.0 ], [ 1721.0, 2836.0 ], [ 1721.0, 2835.0 ], [ 1721.0, 2833.0 ], [ 1721.0, 2832.0 ], [ 1721.0, 2830.0 ], [ 1721.0, 2829.0 ], [ 1721.0, 2828.0 ], [ 1721.0, 2826.0 ], [ 1721.0, 2825.0 ], [ 1721.0, 2823.0 ], [ 1721.0, 2822.0 ], [ 1721.0, 2820.0 ], [ 1721.0, 2819.0 ], [ 1721.0, 2817.0 ], [ 1721.0, 2816.0 ], [ 1721.0, 2814.0 ], [ 1720.0, 2813.0 ], [ 1718.0, 2813.0 ], [ 1717.0, 2813.0 ], [ 1715.0, 2813.0 ], [ 1714.0, 2813.0 ], [ 1712.0, 2813.0 ], [ 1711.0, 2813.0 ], [ 1709.0, 2813.0 ], [ 1708.0, 2813.0 ], [ 1706.0, 2813.0 ], [ 1705.0, 2811.0 ], [ 1705.0, 2810.0 ], [ 1705.0, 2808.0 ], [ 1705.0, 2807.0 ], [ 1705.0, 2805.0 ], [ 1705.0, 2804.0 ], [ 1705.0, 2802.0 ], [ 1705.0, 2801.0 ], [ 1705.0, 2799.0 ], [ 1705.0, 2798.0 ], [ 1705.0, 2796.0 ], [ 1705.0, 2795.0 ], [ 1705.0, 2793.0 ], [ 1705.0, 2792.0 ], [ 1705.0, 2790.0 ], [ 1705.0, 2789.0 ], [ 1705.0, 2787.0 ], [ 1705.0, 2786.0 ], [ 1705.0, 2785.0 ], [ 1705.0, 2783.0 ], [ 1705.0, 2782.0 ], [ 1703.0, 2782.0 ], [ 1702.0, 2782.0 ], [ 1700.0, 2782.0 ], [ 1699.0, 2782.0 ], [ 1697.0, 2782.0 ], [ 1696.0, 2782.0 ], [ 1695.0, 2782.0 ], [ 1693.0, 2782.0 ], [ 1692.0, 2782.0 ], [ 1690.0, 2780.0 ], [ 1690.0, 2779.0 ], [ 1690.0, 2777.0 ], [ 1690.0, 2776.0 ], [ 1690.0, 2774.0 ], [ 1690.0, 2773.0 ], [ 1690.0, 2771.0 ], [ 1690.0, 2770.0 ], [ 1690.0, 2768.0 ], [ 1690.0, 2767.0 ], [ 1690.0, 2765.0 ], [ 1692.0, 2764.0 ], [ 1693.0, 2764.0 ], [ 1695.0, 2764.0 ], [ 1696.0, 2764.0 ], [ 1697.0, 2764.0 ], [ 1699.0, 2764.0 ], [ 1700.0, 2764.0 ], [ 1702.0, 2764.0 ], [ 1703.0, 2764.0 ], [ 1705.0, 2764.0 ], [ 1705.0, 2762.0 ], [ 1705.0, 2761.0 ], [ 1705.0, 2759.0 ], [ 1705.0, 2758.0 ], [ 1705.0, 2756.0 ], [ 1705.0, 2755.0 ], [ 1705.0, 2753.0 ], [ 1705.0, 2752.0 ], [ 1705.0, 2750.0 ], [ 1705.0, 2749.0 ], [ 1705.0, 2747.0 ], [ 1705.0, 2746.0 ], [ 1705.0, 2744.0 ], [ 1705.0, 2743.0 ], [ 1705.0, 2742.0 ], [ 1705.0, 2740.0 ], [ 1705.0, 2739.0 ], [ 1705.0, 2737.0 ], [ 1705.0, 2736.0 ], [ 1705.0, 2734.0 ], [ 1705.0, 2733.0 ], [ 1706.0, 2731.0 ], [ 1708.0, 2731.0 ], [ 1709.0, 2731.0 ], [ 1711.0, 2731.0 ], [ 1712.0, 2731.0 ], [ 1714.0, 2731.0 ], [ 1715.0, 2731.0 ], [ 1717.0, 2731.0 ], [ 1718.0, 2731.0 ], [ 1720.0, 2731.0 ], [ 1721.0, 2731.0 ], [ 1721.0, 2730.0 ], [ 1721.0, 2728.0 ], [ 1721.0, 2727.0 ], [ 1721.0, 2725.0 ], [ 1721.0, 2724.0 ], [ 1721.0, 2722.0 ], [ 1721.0, 2721.0 ], [ 1721.0, 2719.0 ], [ 1721.0, 2718.0 ], [ 1721.0, 2716.0 ], [ 1721.0, 2715.0 ], [ 1721.0, 2713.0 ], [ 1721.0, 2712.0 ], [ 1721.0, 2710.0 ], [ 1721.0, 2709.0 ], [ 1721.0, 2707.0 ], [ 1721.0, 2706.0 ], [ 1721.0, 2704.0 ], [ 1721.0, 2703.0 ], [ 1721.0, 2701.0 ], [ 1723.0, 2700.0 ], [ 1724.0, 2700.0 ], [ 1726.0, 2700.0 ], [ 1727.0, 2700.0 ], [ 1729.0, 2700.0 ], [ 1730.0, 2700.0 ], [ 1732.0, 2700.0 ], [ 1733.0, 2700.0 ], [ 1735.0, 2698.0 ], [ 1736.0, 2698.0 ], [ 1738.0, 2698.0 ], [ 1738.0, 2697.0 ], [ 1738.0, 2696.0 ], [ 1738.0, 2694.0 ], [ 1738.0, 2693.0 ], [ 1738.0, 2691.0 ], [ 1738.0, 2690.0 ], [ 1738.0, 2688.0 ], [ 1738.0, 2687.0 ], [ 1738.0, 2685.0 ], [ 1738.0, 2684.0 ], [ 1738.0, 2682.0 ], [ 1738.0, 2681.0 ], [ 1738.0, 2679.0 ], [ 1738.0, 2678.0 ], [ 1738.0, 2676.0 ], [ 1738.0, 2675.0 ], [ 1738.0, 2673.0 ], [ 1738.0, 2672.0 ], [ 1738.0, 2670.0 ], [ 1738.0, 2669.0 ], [ 1736.0, 2667.0 ], [ 1738.0, 2666.0 ], [ 1738.0, 2664.0 ], [ 1738.0, 2663.0 ], [ 1738.0, 2661.0 ], [ 1738.0, 2660.0 ], [ 1738.0, 2658.0 ], [ 1738.0, 2657.0 ], [ 1738.0, 2655.0 ], [ 1738.0, 2654.0 ], [ 1738.0, 2653.0 ], [ 1738.0, 2651.0 ], [ 1738.0, 2650.0 ], [ 1738.0, 2648.0 ], [ 1738.0, 2647.0 ], [ 1738.0, 2645.0 ], [ 1738.0, 2644.0 ], [ 1738.0, 2642.0 ], [ 1738.0, 2641.0 ], [ 1738.0, 2639.0 ], [ 1738.0, 2638.0 ], [ 1738.0, 2636.0 ], [ 1739.0, 2635.0 ], [ 1741.0, 2635.0 ], [ 1742.0, 2635.0 ], [ 1743.0, 2635.0 ], [ 1745.0, 2635.0 ], [ 1746.0, 2635.0 ], [ 1748.0, 2635.0 ], [ 1749.0, 2635.0 ], [ 1751.0, 2635.0 ], [ 1752.0, 2635.0 ], [ 1754.0, 2635.0 ], [ 1754.0, 2633.0 ], [ 1754.0, 2632.0 ], [ 1754.0, 2630.0 ], [ 1754.0, 2629.0 ], [ 1754.0, 2627.0 ], [ 1754.0, 2626.0 ], [ 1754.0, 2624.0 ], [ 1754.0, 2623.0 ], [ 1754.0, 2621.0 ], [ 1754.0, 2620.0 ], [ 1754.0, 2618.0 ], [ 1754.0, 2617.0 ], [ 1754.0, 2615.0 ], [ 1754.0, 2614.0 ], [ 1754.0, 2612.0 ], [ 1754.0, 2611.0 ], [ 1754.0, 2610.0 ], [ 1754.0, 2608.0 ], [ 1754.0, 2607.0 ], [ 1754.0, 2605.0 ], [ 1755.0, 2604.0 ], [ 1757.0, 2604.0 ], [ 1758.0, 2604.0 ], [ 1760.0, 2604.0 ], [ 1761.0, 2604.0 ], [ 1763.0, 2604.0 ], [ 1764.0, 2604.0 ], [ 1766.0, 2604.0 ], [ 1767.0, 2604.0 ], [ 1769.0, 2604.0 ], [ 1769.0, 2602.0 ], [ 1770.0, 2601.0 ], [ 1770.0, 2599.0 ], [ 1770.0, 2598.0 ], [ 1770.0, 2596.0 ], [ 1770.0, 2595.0 ], [ 1770.0, 2593.0 ], [ 1770.0, 2592.0 ], [ 1770.0, 2590.0 ], [ 1770.0, 2589.0 ], [ 1770.0, 2587.0 ], [ 1770.0, 2586.0 ], [ 1770.0, 2584.0 ], [ 1770.0, 2583.0 ], [ 1770.0, 2581.0 ], [ 1770.0, 2580.0 ], [ 1770.0, 2578.0 ], [ 1770.0, 2577.0 ], [ 1770.0, 2575.0 ], [ 1770.0, 2574.0 ], [ 1769.0, 2572.0 ], [ 1769.0, 2571.0 ], [ 1770.0, 2569.0 ], [ 1770.0, 2568.0 ], [ 1770.0, 2567.0 ], [ 1770.0, 2565.0 ], [ 1770.0, 2564.0 ], [ 1770.0, 2562.0 ], [ 1770.0, 2561.0 ], [ 1770.0, 2559.0 ], [ 1770.0, 2558.0 ], [ 1770.0, 2556.0 ], [ 1770.0, 2555.0 ], [ 1770.0, 2553.0 ], [ 1770.0, 2552.0 ], [ 1770.0, 2550.0 ], [ 1770.0, 2549.0 ], [ 1770.0, 2547.0 ], [ 1770.0, 2546.0 ], [ 1770.0, 2544.0 ], [ 1770.0, 2543.0 ], [ 1770.0, 2541.0 ], [ 1770.0, 2540.0 ], [ 1770.0, 2538.0 ], [ 1770.0, 2537.0 ], [ 1770.0, 2535.0 ], [ 1770.0, 2534.0 ], [ 1770.0, 2532.0 ], [ 1770.0, 2531.0 ], [ 1770.0, 2529.0 ], [ 1770.0, 2528.0 ], [ 1770.0, 2526.0 ], [ 1769.0, 2525.0 ], [ 1770.0, 2524.0 ], [ 1772.0, 2524.0 ], [ 1773.0, 2524.0 ], [ 1775.0, 2524.0 ], [ 1776.0, 2524.0 ], [ 1778.0, 2524.0 ], [ 1779.0, 2524.0 ], [ 1781.0, 2524.0 ], [ 1782.0, 2524.0 ], [ 1784.0, 2524.0 ], [ 1785.0, 2522.0 ], [ 1785.0, 2521.0 ], [ 1785.0, 2519.0 ], [ 1785.0, 2518.0 ], [ 1785.0, 2516.0 ], [ 1785.0, 2515.0 ], [ 1785.0, 2513.0 ], [ 1785.0, 2512.0 ], [ 1785.0, 2510.0 ], [ 1785.0, 2509.0 ], [ 1785.0, 2507.0 ], [ 1785.0, 2506.0 ], [ 1785.0, 2504.0 ], [ 1785.0, 2503.0 ], [ 1785.0, 2501.0 ], [ 1785.0, 2500.0 ], [ 1785.0, 2498.0 ], [ 1785.0, 2497.0 ], [ 1785.0, 2495.0 ], [ 1785.0, 2494.0 ], [ 1785.0, 2492.0 ], [ 1785.0, 2491.0 ], [ 1785.0, 2489.0 ], [ 1785.0, 2488.0 ], [ 1785.0, 2486.0 ], [ 1785.0, 2485.0 ], [ 1785.0, 2483.0 ], [ 1785.0, 2482.0 ], [ 1785.0, 2481.0 ], [ 1785.0, 2479.0 ], [ 1785.0, 2478.0 ], [ 1785.0, 2476.0 ], [ 1785.0, 2475.0 ], [ 1785.0, 2473.0 ], [ 1785.0, 2472.0 ], [ 1785.0, 2470.0 ], [ 1785.0, 2469.0 ], [ 1785.0, 2467.0 ], [ 1785.0, 2466.0 ], [ 1785.0, 2464.0 ], [ 1785.0, 2463.0 ], [ 1785.0, 2461.0 ], [ 1785.0, 2460.0 ], [ 1785.0, 2458.0 ], [ 1785.0, 2457.0 ], [ 1785.0, 2455.0 ], [ 1785.0, 2454.0 ], [ 1785.0, 2452.0 ], [ 1785.0, 2451.0 ], [ 1785.0, 2449.0 ], [ 1785.0, 2448.0 ], [ 1785.0, 2446.0 ], [ 1785.0, 2445.0 ], [ 1786.0, 2443.0 ], [ 1788.0, 2443.0 ], [ 1789.0, 2443.0 ], [ 1791.0, 2443.0 ], [ 1792.0, 2443.0 ], [ 1794.0, 2443.0 ], [ 1795.0, 2443.0 ], [ 1797.0, 2443.0 ], [ 1798.0, 2443.0 ], [ 1800.0, 2443.0 ], [ 1801.0, 2443.0 ], [ 1803.0, 2445.0 ], [ 1803.0, 2446.0 ], [ 1803.0, 2448.0 ], [ 1803.0, 2449.0 ], [ 1803.0, 2451.0 ], [ 1803.0, 2452.0 ], [ 1803.0, 2454.0 ], [ 1803.0, 2455.0 ], [ 1803.0, 2457.0 ], [ 1803.0, 2458.0 ], [ 1804.0, 2458.0 ], [ 1806.0, 2458.0 ], [ 1807.0, 2458.0 ], [ 1809.0, 2458.0 ], [ 1810.0, 2458.0 ], [ 1812.0, 2458.0 ], [ 1813.0, 2458.0 ], [ 1815.0, 2458.0 ], [ 1816.0, 2458.0 ], [ 1818.0, 2458.0 ], [ 1819.0, 2460.0 ], [ 1819.0, 2461.0 ], [ 1819.0, 2463.0 ], [ 1819.0, 2464.0 ], [ 1819.0, 2466.0 ], [ 1819.0, 2467.0 ], [ 1819.0, 2469.0 ], [ 1819.0, 2470.0 ], [ 1819.0, 2472.0 ], [ 1819.0, 2473.0 ], [ 1819.0, 2475.0 ], [ 1821.0, 2475.0 ], [ 1822.0, 2475.0 ], [ 1824.0, 2475.0 ], [ 1825.0, 2475.0 ], [ 1827.0, 2475.0 ], [ 1828.0, 2475.0 ], [ 1829.0, 2475.0 ], [ 1831.0, 2475.0 ], [ 1832.0, 2475.0 ], [ 1834.0, 2475.0 ], [ 1835.0, 2475.0 ], [ 1837.0, 2475.0 ], [ 1838.0, 2475.0 ], [ 1840.0, 2475.0 ], [ 1841.0, 2475.0 ], [ 1843.0, 2475.0 ], [ 1844.0, 2475.0 ], [ 1846.0, 2475.0 ], [ 1847.0, 2475.0 ], [ 1849.0, 2475.0 ], [ 1850.0, 2473.0 ], [ 1850.0, 2472.0 ], [ 1850.0, 2470.0 ], [ 1850.0, 2469.0 ], [ 1850.0, 2467.0 ], [ 1850.0, 2466.0 ], [ 1850.0, 2464.0 ], [ 1850.0, 2463.0 ], [ 1850.0, 2461.0 ], [ 1850.0, 2460.0 ], [ 1852.0, 2458.0 ], [ 1853.0, 2458.0 ], [ 1855.0, 2458.0 ], [ 1856.0, 2458.0 ], [ 1858.0, 2458.0 ], [ 1859.0, 2458.0 ], [ 1861.0, 2458.0 ], [ 1862.0, 2458.0 ], [ 1864.0, 2458.0 ], [ 1865.0, 2458.0 ], [ 1867.0, 2458.0 ], [ 1868.0, 2458.0 ], [ 1870.0, 2458.0 ], [ 1871.0, 2458.0 ], [ 1872.0, 2458.0 ], [ 1874.0, 2458.0 ], [ 1875.0, 2458.0 ], [ 1877.0, 2458.0 ], [ 1878.0, 2458.0 ], [ 1880.0, 2458.0 ], [ 1881.0, 2458.0 ], [ 1881.0, 2457.0 ], [ 1881.0, 2455.0 ], [ 1881.0, 2454.0 ], [ 1881.0, 2452.0 ], [ 1881.0, 2451.0 ], [ 1881.0, 2449.0 ], [ 1881.0, 2448.0 ], [ 1881.0, 2446.0 ], [ 1881.0, 2445.0 ], [ 1881.0, 2443.0 ], [ 1881.0, 2442.0 ], [ 1881.0, 2440.0 ], [ 1881.0, 2439.0 ], [ 1881.0, 2437.0 ], [ 1881.0, 2436.0 ], [ 1881.0, 2435.0 ], [ 1881.0, 2433.0 ], [ 1881.0, 2432.0 ], [ 1881.0, 2430.0 ], [ 1881.0, 2429.0 ], [ 1881.0, 2427.0 ], [ 1881.0, 2426.0 ], [ 1881.0, 2424.0 ], [ 1881.0, 2423.0 ], [ 1881.0, 2421.0 ], [ 1881.0, 2420.0 ], [ 1881.0, 2418.0 ], [ 1881.0, 2417.0 ], [ 1881.0, 2415.0 ], [ 1881.0, 2414.0 ], [ 1881.0, 2412.0 ], [ 1880.0, 2412.0 ], [ 1878.0, 2412.0 ], [ 1877.0, 2412.0 ], [ 1875.0, 2412.0 ], [ 1874.0, 2412.0 ], [ 1872.0, 2412.0 ], [ 1871.0, 2412.0 ], [ 1870.0, 2412.0 ], [ 1868.0, 2412.0 ], [ 1867.0, 2412.0 ], [ 1865.0, 2412.0 ], [ 1864.0, 2412.0 ], [ 1862.0, 2412.0 ], [ 1861.0, 2412.0 ], [ 1859.0, 2412.0 ], [ 1858.0, 2412.0 ], [ 1856.0, 2412.0 ], [ 1855.0, 2412.0 ], [ 1853.0, 2412.0 ], [ 1852.0, 2412.0 ], [ 1850.0, 2411.0 ], [ 1850.0, 2409.0 ], [ 1850.0, 2408.0 ], [ 1850.0, 2406.0 ], [ 1850.0, 2405.0 ], [ 1850.0, 2403.0 ], [ 1850.0, 2402.0 ], [ 1850.0, 2400.0 ], [ 1850.0, 2399.0 ], [ 1850.0, 2397.0 ], [ 1850.0, 2396.0 ], [ 1850.0, 2394.0 ], [ 1850.0, 2393.0 ], [ 1850.0, 2392.0 ], [ 1850.0, 2390.0 ], [ 1850.0, 2389.0 ], [ 1850.0, 2387.0 ], [ 1850.0, 2386.0 ], [ 1850.0, 2384.0 ], [ 1850.0, 2383.0 ], [ 1850.0, 2381.0 ], [ 1850.0, 2380.0 ], [ 1850.0, 2378.0 ], [ 1850.0, 2377.0 ], [ 1850.0, 2375.0 ], [ 1850.0, 2374.0 ], [ 1850.0, 2372.0 ], [ 1850.0, 2371.0 ], [ 1850.0, 2369.0 ], [ 1850.0, 2368.0 ], [ 1850.0, 2366.0 ], [ 1850.0, 2365.0 ], [ 1850.0, 2363.0 ], [ 1850.0, 2362.0 ], [ 1850.0, 2360.0 ], [ 1850.0, 2359.0 ], [ 1850.0, 2357.0 ], [ 1850.0, 2356.0 ], [ 1850.0, 2354.0 ], [ 1850.0, 2353.0 ], [ 1850.0, 2351.0 ], [ 1850.0, 2350.0 ], [ 1850.0, 2349.0 ], [ 1850.0, 2347.0 ], [ 1850.0, 2346.0 ], [ 1850.0, 2344.0 ], [ 1850.0, 2343.0 ], [ 1850.0, 2341.0 ], [ 1850.0, 2340.0 ], [ 1850.0, 2338.0 ], [ 1850.0, 2337.0 ], [ 1850.0, 2335.0 ], [ 1850.0, 2334.0 ], [ 1850.0, 2332.0 ], [ 1852.0, 2331.0 ], [ 1853.0, 2331.0 ], [ 1855.0, 2331.0 ], [ 1856.0, 2331.0 ], [ 1858.0, 2331.0 ], [ 1859.0, 2331.0 ], [ 1861.0, 2331.0 ], [ 1862.0, 2331.0 ], [ 1864.0, 2331.0 ], [ 1865.0, 2331.0 ], [ 1865.0, 2329.0 ], [ 1865.0, 2328.0 ], [ 1865.0, 2326.0 ], [ 1865.0, 2325.0 ], [ 1865.0, 2323.0 ], [ 1865.0, 2322.0 ], [ 1865.0, 2320.0 ], [ 1865.0, 2319.0 ], [ 1865.0, 2317.0 ], [ 1865.0, 2316.0 ], [ 1865.0, 2314.0 ], [ 1865.0, 2313.0 ], [ 1865.0, 2311.0 ], [ 1865.0, 2310.0 ], [ 1865.0, 2308.0 ], [ 1865.0, 2307.0 ], [ 1865.0, 2306.0 ], [ 1865.0, 2304.0 ], [ 1865.0, 2303.0 ], [ 1865.0, 2301.0 ], [ 1864.0, 2300.0 ], [ 1862.0, 2300.0 ], [ 1861.0, 2300.0 ], [ 1859.0, 2300.0 ], [ 1858.0, 2300.0 ], [ 1856.0, 2300.0 ], [ 1855.0, 2300.0 ], [ 1853.0, 2300.0 ], [ 1852.0, 2300.0 ], [ 1850.0, 2298.0 ], [ 1850.0, 2297.0 ], [ 1850.0, 2295.0 ], [ 1850.0, 2294.0 ], [ 1850.0, 2292.0 ], [ 1850.0, 2291.0 ], [ 1850.0, 2289.0 ], [ 1850.0, 2288.0 ], [ 1850.0, 2286.0 ], [ 1849.0, 2285.0 ], [ 1847.0, 2285.0 ], [ 1846.0, 2285.0 ], [ 1844.0, 2285.0 ], [ 1843.0, 2285.0 ], [ 1841.0, 2285.0 ], [ 1840.0, 2285.0 ], [ 1838.0, 2285.0 ], [ 1837.0, 2285.0 ], [ 1835.0, 2285.0 ], [ 1834.0, 2283.0 ], [ 1835.0, 2282.0 ], [ 1837.0, 2282.0 ], [ 1838.0, 2282.0 ], [ 1840.0, 2282.0 ], [ 1841.0, 2282.0 ], [ 1843.0, 2282.0 ], [ 1844.0, 2282.0 ], [ 1846.0, 2282.0 ], [ 1847.0, 2282.0 ], [ 1849.0, 2282.0 ], [ 1850.0, 2282.0 ], [ 1852.0, 2282.0 ], [ 1853.0, 2282.0 ], [ 1855.0, 2282.0 ], [ 1856.0, 2282.0 ], [ 1858.0, 2282.0 ], [ 1859.0, 2282.0 ], [ 1861.0, 2282.0 ], [ 1862.0, 2282.0 ], [ 1864.0, 2282.0 ], [ 1865.0, 2282.0 ], [ 1867.0, 2282.0 ], [ 1868.0, 2282.0 ], [ 1870.0, 2282.0 ], [ 1871.0, 2282.0 ], [ 1872.0, 2282.0 ], [ 1874.0, 2282.0 ], [ 1875.0, 2282.0 ], [ 1877.0, 2282.0 ], [ 1878.0, 2282.0 ], [ 1880.0, 2282.0 ], [ 1881.0, 2282.0 ], [ 1883.0, 2282.0 ], [ 1884.0, 2282.0 ], [ 1886.0, 2282.0 ], [ 1887.0, 2282.0 ], [ 1889.0, 2282.0 ], [ 1890.0, 2282.0 ], [ 1892.0, 2282.0 ], [ 1893.0, 2282.0 ], [ 1895.0, 2282.0 ], [ 1896.0, 2282.0 ], [ 1898.0, 2282.0 ], [ 1898.0, 2280.0 ], [ 1898.0, 2279.0 ], [ 1898.0, 2277.0 ], [ 1898.0, 2276.0 ], [ 1898.0, 2274.0 ], [ 1898.0, 2273.0 ], [ 1898.0, 2271.0 ], [ 1898.0, 2270.0 ], [ 1898.0, 2268.0 ], [ 1898.0, 2267.0 ], [ 1898.0, 2265.0 ], [ 1898.0, 2264.0 ], [ 1898.0, 2263.0 ], [ 1898.0, 2261.0 ], [ 1898.0, 2260.0 ], [ 1898.0, 2258.0 ], [ 1898.0, 2257.0 ], [ 1898.0, 2255.0 ], [ 1898.0, 2254.0 ], [ 1898.0, 2252.0 ], [ 1896.0, 2251.0 ], [ 1898.0, 2249.0 ], [ 1898.0, 2248.0 ], [ 1898.0, 2246.0 ], [ 1898.0, 2245.0 ], [ 1898.0, 2243.0 ], [ 1898.0, 2242.0 ], [ 1898.0, 2240.0 ], [ 1898.0, 2239.0 ], [ 1898.0, 2237.0 ], [ 1898.0, 2236.0 ], [ 1898.0, 2234.0 ], [ 1898.0, 2233.0 ], [ 1898.0, 2231.0 ], [ 1898.0, 2230.0 ], [ 1898.0, 2228.0 ], [ 1898.0, 2227.0 ], [ 1898.0, 2225.0 ], [ 1898.0, 2224.0 ], [ 1898.0, 2222.0 ], [ 1898.0, 2221.0 ], [ 1896.0, 2220.0 ], [ 1895.0, 2220.0 ], [ 1893.0, 2220.0 ], [ 1892.0, 2220.0 ], [ 1890.0, 2220.0 ], [ 1889.0, 2220.0 ], [ 1887.0, 2220.0 ], [ 1886.0, 2220.0 ], [ 1884.0, 2220.0 ], [ 1883.0, 2220.0 ], [ 1881.0, 2218.0 ], [ 1881.0, 2217.0 ], [ 1881.0, 2215.0 ], [ 1881.0, 2214.0 ], [ 1881.0, 2212.0 ], [ 1881.0, 2211.0 ], [ 1881.0, 2209.0 ], [ 1881.0, 2208.0 ], [ 1881.0, 2206.0 ], [ 1881.0, 2205.0 ], [ 1880.0, 2205.0 ], [ 1878.0, 2203.0 ], [ 1877.0, 2203.0 ], [ 1875.0, 2203.0 ], [ 1874.0, 2203.0 ], [ 1872.0, 2203.0 ], [ 1871.0, 2203.0 ], [ 1870.0, 2203.0 ], [ 1868.0, 2203.0 ], [ 1867.0, 2203.0 ], [ 1865.0, 2202.0 ], [ 1865.0, 2200.0 ], [ 1865.0, 2199.0 ], [ 1865.0, 2197.0 ], [ 1865.0, 2196.0 ], [ 1865.0, 2194.0 ], [ 1865.0, 2193.0 ], [ 1865.0, 2191.0 ], [ 1865.0, 2190.0 ], [ 1865.0, 2188.0 ], [ 1864.0, 2188.0 ], [ 1862.0, 2188.0 ], [ 1861.0, 2188.0 ], [ 1859.0, 2188.0 ], [ 1858.0, 2188.0 ], [ 1856.0, 2188.0 ], [ 1855.0, 2188.0 ], [ 1853.0, 2188.0 ], [ 1852.0, 2188.0 ], [ 1850.0, 2188.0 ], [ 1849.0, 2188.0 ], [ 1847.0, 2188.0 ], [ 1846.0, 2188.0 ], [ 1844.0, 2188.0 ], [ 1843.0, 2188.0 ], [ 1841.0, 2188.0 ], [ 1840.0, 2188.0 ], [ 1838.0, 2188.0 ], [ 1837.0, 2188.0 ], [ 1835.0, 2188.0 ], [ 1835.0, 2190.0 ], [ 1835.0, 2191.0 ], [ 1835.0, 2193.0 ], [ 1835.0, 2194.0 ], [ 1835.0, 2196.0 ], [ 1835.0, 2197.0 ], [ 1835.0, 2199.0 ], [ 1835.0, 2200.0 ], [ 1835.0, 2202.0 ], [ 1835.0, 2203.0 ], [ 1834.0, 2205.0 ], [ 1832.0, 2205.0 ], [ 1831.0, 2205.0 ], [ 1829.0, 2203.0 ], [ 1828.0, 2203.0 ], [ 1827.0, 2203.0 ], [ 1825.0, 2203.0 ], [ 1824.0, 2203.0 ], [ 1822.0, 2203.0 ], [ 1821.0, 2203.0 ], [ 1819.0, 2203.0 ], [ 1818.0, 2203.0 ], [ 1816.0, 2203.0 ], [ 1815.0, 2203.0 ], [ 1813.0, 2203.0 ], [ 1812.0, 2203.0 ], [ 1810.0, 2203.0 ], [ 1809.0, 2203.0 ], [ 1807.0, 2203.0 ], [ 1806.0, 2203.0 ], [ 1804.0, 2203.0 ], [ 1803.0, 2203.0 ], [ 1801.0, 2202.0 ], [ 1801.0, 2200.0 ], [ 1801.0, 2199.0 ], [ 1801.0, 2197.0 ], [ 1801.0, 2196.0 ], [ 1801.0, 2194.0 ], [ 1801.0, 2193.0 ], [ 1801.0, 2191.0 ], [ 1801.0, 2190.0 ], [ 1801.0, 2188.0 ], [ 1800.0, 2187.0 ], [ 1801.0, 2185.0 ], [ 1801.0, 2184.0 ], [ 1801.0, 2182.0 ], [ 1801.0, 2181.0 ], [ 1801.0, 2179.0 ], [ 1801.0, 2178.0 ], [ 1801.0, 2176.0 ], [ 1801.0, 2175.0 ], [ 1801.0, 2174.0 ], [ 1801.0, 2172.0 ], [ 1801.0, 2171.0 ], [ 1801.0, 2169.0 ], [ 1801.0, 2168.0 ], [ 1801.0, 2166.0 ], [ 1801.0, 2165.0 ], [ 1801.0, 2163.0 ], [ 1801.0, 2162.0 ], [ 1801.0, 2160.0 ], [ 1801.0, 2159.0 ], [ 1801.0, 2157.0 ], [ 1801.0, 2156.0 ], [ 1800.0, 2156.0 ], [ 1798.0, 2156.0 ], [ 1797.0, 2156.0 ], [ 1795.0, 2156.0 ], [ 1794.0, 2156.0 ], [ 1792.0, 2156.0 ], [ 1791.0, 2156.0 ], [ 1789.0, 2156.0 ], [ 1788.0, 2156.0 ], [ 1786.0, 2156.0 ], [ 1785.0, 2156.0 ], [ 1784.0, 2156.0 ], [ 1782.0, 2156.0 ], [ 1781.0, 2156.0 ], [ 1779.0, 2156.0 ], [ 1778.0, 2156.0 ], [ 1776.0, 2156.0 ], [ 1775.0, 2156.0 ], [ 1773.0, 2156.0 ], [ 1772.0, 2156.0 ], [ 1770.0, 2156.0 ], [ 1769.0, 2154.0 ], [ 1770.0, 2153.0 ], [ 1770.0, 2151.0 ], [ 1770.0, 2150.0 ], [ 1770.0, 2148.0 ], [ 1770.0, 2147.0 ], [ 1770.0, 2145.0 ], [ 1770.0, 2144.0 ], [ 1770.0, 2142.0 ], [ 1770.0, 2141.0 ], [ 1770.0, 2139.0 ], [ 1770.0, 2138.0 ], [ 1770.0, 2136.0 ], [ 1770.0, 2135.0 ], [ 1770.0, 2133.0 ], [ 1770.0, 2132.0 ], [ 1770.0, 2131.0 ], [ 1770.0, 2129.0 ], [ 1770.0, 2128.0 ], [ 1770.0, 2126.0 ], [ 1769.0, 2125.0 ], [ 1767.0, 2125.0 ], [ 1766.0, 2123.0 ], [ 1764.0, 2123.0 ], [ 1763.0, 2123.0 ], [ 1761.0, 2123.0 ], [ 1760.0, 2123.0 ], [ 1758.0, 2123.0 ], [ 1757.0, 2123.0 ], [ 1755.0, 2123.0 ], [ 1754.0, 2123.0 ], [ 1752.0, 2123.0 ], [ 1751.0, 2123.0 ], [ 1749.0, 2123.0 ], [ 1748.0, 2123.0 ], [ 1746.0, 2123.0 ], [ 1745.0, 2123.0 ], [ 1743.0, 2123.0 ], [ 1742.0, 2123.0 ], [ 1741.0, 2123.0 ], [ 1739.0, 2123.0 ], [ 1738.0, 2122.0 ], [ 1738.0, 2120.0 ], [ 1738.0, 2119.0 ], [ 1738.0, 2117.0 ], [ 1738.0, 2116.0 ], [ 1738.0, 2114.0 ], [ 1738.0, 2113.0 ], [ 1738.0, 2111.0 ], [ 1738.0, 2110.0 ], [ 1738.0, 2108.0 ], [ 1739.0, 2107.0 ], [ 1741.0, 2107.0 ], [ 1742.0, 2107.0 ], [ 1743.0, 2107.0 ], [ 1745.0, 2107.0 ], [ 1746.0, 2107.0 ], [ 1748.0, 2107.0 ], [ 1749.0, 2107.0 ], [ 1751.0, 2107.0 ], [ 1752.0, 2107.0 ], [ 1754.0, 2107.0 ], [ 1755.0, 2107.0 ], [ 1757.0, 2107.0 ], [ 1758.0, 2107.0 ], [ 1760.0, 2107.0 ], [ 1761.0, 2107.0 ], [ 1763.0, 2107.0 ], [ 1764.0, 2107.0 ], [ 1766.0, 2107.0 ], [ 1767.0, 2105.0 ], [ 1769.0, 2105.0 ], [ 1770.0, 2104.0 ], [ 1770.0, 2102.0 ], [ 1770.0, 2101.0 ], [ 1770.0, 2099.0 ], [ 1770.0, 2098.0 ], [ 1770.0, 2096.0 ], [ 1770.0, 2095.0 ], [ 1770.0, 2093.0 ], [ 1770.0, 2092.0 ], [ 1770.0, 2090.0 ], [ 1770.0, 2089.0 ], [ 1770.0, 2088.0 ], [ 1770.0, 2086.0 ], [ 1770.0, 2085.0 ], [ 1770.0, 2083.0 ], [ 1770.0, 2082.0 ], [ 1770.0, 2080.0 ], [ 1770.0, 2079.0 ], [ 1770.0, 2077.0 ], [ 1770.0, 2076.0 ], [ 1770.0, 2074.0 ], [ 1770.0, 2073.0 ], [ 1770.0, 2071.0 ], [ 1770.0, 2070.0 ], [ 1770.0, 2068.0 ], [ 1770.0, 2067.0 ], [ 1770.0, 2065.0 ], [ 1770.0, 2064.0 ], [ 1770.0, 2062.0 ], [ 1770.0, 2061.0 ], [ 1770.0, 2059.0 ], [ 1770.0, 2058.0 ], [ 1770.0, 2056.0 ], [ 1770.0, 2055.0 ], [ 1770.0, 2053.0 ], [ 1770.0, 2052.0 ], [ 1770.0, 2050.0 ], [ 1770.0, 2049.0 ], [ 1770.0, 2047.0 ], [ 1770.0, 2046.0 ], [ 1770.0, 2045.0 ], [ 1770.0, 2043.0 ], [ 1770.0, 2042.0 ], [ 1770.0, 2040.0 ], [ 1770.0, 2039.0 ], [ 1770.0, 2037.0 ], [ 1770.0, 2036.0 ], [ 1770.0, 2034.0 ], [ 1770.0, 2033.0 ], [ 1770.0, 2031.0 ], [ 1770.0, 2030.0 ], [ 1770.0, 2028.0 ], [ 1770.0, 2027.0 ], [ 1770.0, 2025.0 ], [ 1770.0, 2024.0 ], [ 1770.0, 2022.0 ], [ 1770.0, 2021.0 ], [ 1770.0, 2019.0 ], [ 1770.0, 2018.0 ], [ 1770.0, 2016.0 ], [ 1770.0, 2015.0 ], [ 1770.0, 2013.0 ], [ 1770.0, 2012.0 ], [ 1772.0, 2010.0 ], [ 1773.0, 2010.0 ], [ 1775.0, 2010.0 ], [ 1776.0, 2010.0 ], [ 1778.0, 2010.0 ], [ 1779.0, 2010.0 ], [ 1781.0, 2010.0 ], [ 1782.0, 2010.0 ], [ 1784.0, 2010.0 ], [ 1785.0, 2010.0 ], [ 1785.0, 2009.0 ], [ 1785.0, 2007.0 ], [ 1785.0, 2006.0 ], [ 1785.0, 2004.0 ], [ 1785.0, 2003.0 ], [ 1785.0, 2002.0 ], [ 1785.0, 2000.0 ], [ 1785.0, 1999.0 ], [ 1785.0, 1997.0 ], [ 1785.0, 1996.0 ], [ 1786.0, 1994.0 ], [ 1788.0, 1994.0 ], [ 1789.0, 1994.0 ], [ 1791.0, 1994.0 ], [ 1792.0, 1994.0 ], [ 1794.0, 1994.0 ], [ 1795.0, 1994.0 ], [ 1797.0, 1994.0 ], [ 1798.0, 1994.0 ], [ 1800.0, 1994.0 ], [ 1801.0, 1994.0 ], [ 1803.0, 1994.0 ], [ 1804.0, 1994.0 ], [ 1806.0, 1994.0 ], [ 1807.0, 1994.0 ], [ 1809.0, 1994.0 ], [ 1810.0, 1994.0 ], [ 1812.0, 1994.0 ], [ 1813.0, 1994.0 ], [ 1815.0, 1994.0 ], [ 1816.0, 1994.0 ], [ 1818.0, 1994.0 ], [ 1819.0, 1994.0 ], [ 1821.0, 1994.0 ], [ 1822.0, 1994.0 ], [ 1824.0, 1994.0 ], [ 1825.0, 1994.0 ], [ 1827.0, 1994.0 ], [ 1828.0, 1994.0 ], [ 1829.0, 1994.0 ], [ 1831.0, 1994.0 ], [ 1832.0, 1994.0 ], [ 1834.0, 1993.0 ], [ 1834.0, 1991.0 ], [ 1834.0, 1990.0 ], [ 1834.0, 1988.0 ], [ 1834.0, 1987.0 ], [ 1834.0, 1985.0 ], [ 1834.0, 1984.0 ], [ 1834.0, 1982.0 ], [ 1834.0, 1981.0 ], [ 1834.0, 1979.0 ], [ 1834.0, 1978.0 ], [ 1834.0, 1976.0 ], [ 1834.0, 1975.0 ], [ 1834.0, 1973.0 ], [ 1834.0, 1972.0 ], [ 1834.0, 1970.0 ], [ 1834.0, 1969.0 ], [ 1834.0, 1967.0 ], [ 1834.0, 1966.0 ], [ 1834.0, 1964.0 ], [ 1834.0, 1963.0 ], [ 1834.0, 1961.0 ], [ 1834.0, 1960.0 ], [ 1834.0, 1958.0 ], [ 1834.0, 1957.0 ], [ 1834.0, 1956.0 ], [ 1834.0, 1954.0 ], [ 1834.0, 1953.0 ], [ 1834.0, 1951.0 ], [ 1834.0, 1950.0 ], [ 1834.0, 1948.0 ], [ 1832.0, 1948.0 ], [ 1831.0, 1948.0 ], [ 1829.0, 1948.0 ], [ 1828.0, 1948.0 ], [ 1827.0, 1948.0 ], [ 1825.0, 1948.0 ], [ 1824.0, 1948.0 ], [ 1822.0, 1948.0 ], [ 1821.0, 1948.0 ], [ 1819.0, 1948.0 ], [ 1818.0, 1947.0 ], [ 1818.0, 1945.0 ], [ 1818.0, 1944.0 ], [ 1818.0, 1942.0 ], [ 1818.0, 1941.0 ], [ 1818.0, 1939.0 ], [ 1818.0, 1938.0 ], [ 1818.0, 1936.0 ], [ 1818.0, 1935.0 ], [ 1818.0, 1933.0 ], [ 1818.0, 1932.0 ], [ 1816.0, 1932.0 ], [ 1815.0, 1932.0 ], [ 1813.0, 1932.0 ], [ 1812.0, 1932.0 ], [ 1810.0, 1932.0 ], [ 1809.0, 1932.0 ], [ 1807.0, 1932.0 ], [ 1806.0, 1932.0 ], [ 1804.0, 1932.0 ], [ 1803.0, 1932.0 ], [ 1801.0, 1932.0 ], [ 1800.0, 1930.0 ], [ 1801.0, 1929.0 ], [ 1801.0, 1927.0 ], [ 1801.0, 1926.0 ], [ 1801.0, 1924.0 ], [ 1801.0, 1923.0 ], [ 1801.0, 1921.0 ], [ 1801.0, 1920.0 ], [ 1801.0, 1918.0 ], [ 1801.0, 1917.0 ], [ 1801.0, 1915.0 ], [ 1801.0, 1914.0 ], [ 1801.0, 1913.0 ], [ 1801.0, 1911.0 ], [ 1801.0, 1910.0 ], [ 1801.0, 1908.0 ], [ 1801.0, 1907.0 ], [ 1801.0, 1905.0 ], [ 1801.0, 1904.0 ], [ 1801.0, 1902.0 ], [ 1801.0, 1901.0 ], [ 1801.0, 1899.0 ], [ 1801.0, 1898.0 ], [ 1801.0, 1896.0 ], [ 1801.0, 1895.0 ], [ 1801.0, 1893.0 ], [ 1801.0, 1892.0 ], [ 1801.0, 1890.0 ], [ 1801.0, 1889.0 ], [ 1801.0, 1887.0 ], [ 1801.0, 1886.0 ], [ 1801.0, 1884.0 ], [ 1801.0, 1883.0 ], [ 1801.0, 1881.0 ], [ 1801.0, 1880.0 ], [ 1801.0, 1878.0 ], [ 1801.0, 1877.0 ], [ 1801.0, 1875.0 ], [ 1801.0, 1874.0 ], [ 1801.0, 1872.0 ], [ 1801.0, 1871.0 ], [ 1801.0, 1870.0 ], [ 1801.0, 1868.0 ], [ 1801.0, 1867.0 ], [ 1801.0, 1865.0 ], [ 1801.0, 1864.0 ], [ 1801.0, 1862.0 ], [ 1801.0, 1861.0 ], [ 1801.0, 1859.0 ], [ 1801.0, 1858.0 ], [ 1801.0, 1856.0 ], [ 1801.0, 1855.0 ], [ 1801.0, 1853.0 ], [ 1801.0, 1852.0 ], [ 1801.0, 1850.0 ], [ 1801.0, 1849.0 ], [ 1801.0, 1847.0 ], [ 1801.0, 1846.0 ], [ 1801.0, 1844.0 ], [ 1801.0, 1843.0 ], [ 1801.0, 1841.0 ], [ 1801.0, 1840.0 ], [ 1801.0, 1838.0 ], [ 1801.0, 1837.0 ], [ 1801.0, 1835.0 ], [ 1800.0, 1835.0 ], [ 1798.0, 1835.0 ], [ 1797.0, 1835.0 ], [ 1795.0, 1835.0 ], [ 1794.0, 1835.0 ], [ 1792.0, 1835.0 ], [ 1791.0, 1835.0 ], [ 1789.0, 1835.0 ], [ 1788.0, 1835.0 ], [ 1786.0, 1835.0 ], [ 1785.0, 1835.0 ], [ 1784.0, 1835.0 ], [ 1782.0, 1835.0 ], [ 1781.0, 1835.0 ], [ 1779.0, 1835.0 ], [ 1778.0, 1835.0 ], [ 1776.0, 1835.0 ], [ 1775.0, 1835.0 ], [ 1773.0, 1835.0 ], [ 1772.0, 1835.0 ], [ 1770.0, 1834.0 ], [ 1770.0, 1832.0 ], [ 1770.0, 1831.0 ], [ 1770.0, 1829.0 ], [ 1770.0, 1828.0 ], [ 1770.0, 1827.0 ], [ 1770.0, 1825.0 ], [ 1770.0, 1824.0 ], [ 1770.0, 1822.0 ], [ 1770.0, 1821.0 ], [ 1769.0, 1819.0 ], [ 1767.0, 1819.0 ], [ 1766.0, 1819.0 ], [ 1764.0, 1819.0 ], [ 1763.0, 1819.0 ], [ 1761.0, 1819.0 ], [ 1760.0, 1819.0 ], [ 1758.0, 1819.0 ], [ 1757.0, 1819.0 ], [ 1755.0, 1819.0 ], [ 1754.0, 1819.0 ], [ 1752.0, 1819.0 ], [ 1751.0, 1819.0 ], [ 1749.0, 1819.0 ], [ 1748.0, 1819.0 ], [ 1746.0, 1819.0 ], [ 1745.0, 1819.0 ], [ 1743.0, 1819.0 ], [ 1742.0, 1819.0 ], [ 1741.0, 1819.0 ], [ 1739.0, 1819.0 ], [ 1739.0, 1821.0 ], [ 1739.0, 1822.0 ], [ 1739.0, 1824.0 ], [ 1739.0, 1825.0 ], [ 1739.0, 1827.0 ], [ 1739.0, 1828.0 ], [ 1739.0, 1829.0 ], [ 1739.0, 1831.0 ], [ 1739.0, 1832.0 ], [ 1739.0, 1834.0 ], [ 1738.0, 1835.0 ], [ 1736.0, 1835.0 ], [ 1735.0, 1835.0 ], [ 1733.0, 1835.0 ], [ 1732.0, 1835.0 ], [ 1730.0, 1835.0 ], [ 1729.0, 1835.0 ], [ 1727.0, 1835.0 ], [ 1726.0, 1835.0 ], [ 1724.0, 1835.0 ], [ 1723.0, 1835.0 ], [ 1723.0, 1837.0 ], [ 1723.0, 1838.0 ], [ 1723.0, 1840.0 ], [ 1723.0, 1841.0 ], [ 1723.0, 1843.0 ], [ 1723.0, 1844.0 ], [ 1723.0, 1846.0 ], [ 1723.0, 1847.0 ], [ 1723.0, 1849.0 ], [ 1723.0, 1850.0 ], [ 1723.0, 1852.0 ], [ 1723.0, 1853.0 ], [ 1723.0, 1855.0 ], [ 1723.0, 1856.0 ], [ 1723.0, 1858.0 ], [ 1723.0, 1859.0 ], [ 1723.0, 1861.0 ], [ 1723.0, 1862.0 ], [ 1723.0, 1864.0 ], [ 1723.0, 1865.0 ], [ 1721.0, 1867.0 ], [ 1720.0, 1867.0 ], [ 1718.0, 1867.0 ], [ 1717.0, 1867.0 ], [ 1715.0, 1867.0 ], [ 1714.0, 1867.0 ], [ 1712.0, 1867.0 ], [ 1711.0, 1867.0 ], [ 1709.0, 1868.0 ], [ 1708.0, 1868.0 ], [ 1708.0, 1870.0 ], [ 1706.0, 1871.0 ], [ 1706.0, 1872.0 ], [ 1706.0, 1874.0 ], [ 1706.0, 1875.0 ], [ 1706.0, 1877.0 ], [ 1706.0, 1878.0 ], [ 1706.0, 1880.0 ], [ 1706.0, 1881.0 ], [ 1706.0, 1883.0 ], [ 1706.0, 1884.0 ], [ 1706.0, 1886.0 ], [ 1706.0, 1887.0 ], [ 1706.0, 1889.0 ], [ 1706.0, 1890.0 ], [ 1706.0, 1892.0 ], [ 1706.0, 1893.0 ], [ 1706.0, 1895.0 ], [ 1706.0, 1896.0 ], [ 1706.0, 1898.0 ], [ 1706.0, 1899.0 ], [ 1706.0, 1901.0 ], [ 1706.0, 1902.0 ], [ 1706.0, 1904.0 ], [ 1706.0, 1905.0 ], [ 1706.0, 1907.0 ], [ 1706.0, 1908.0 ], [ 1706.0, 1910.0 ], [ 1708.0, 1911.0 ], [ 1708.0, 1913.0 ], [ 1708.0, 1914.0 ], [ 1706.0, 1915.0 ], [ 1705.0, 1915.0 ], [ 1703.0, 1915.0 ], [ 1702.0, 1915.0 ], [ 1700.0, 1915.0 ], [ 1699.0, 1915.0 ], [ 1697.0, 1915.0 ], [ 1696.0, 1915.0 ], [ 1695.0, 1915.0 ], [ 1693.0, 1915.0 ], [ 1692.0, 1915.0 ], [ 1690.0, 1915.0 ], [ 1689.0, 1915.0 ], [ 1687.0, 1915.0 ], [ 1686.0, 1915.0 ], [ 1684.0, 1915.0 ], [ 1683.0, 1915.0 ], [ 1681.0, 1915.0 ], [ 1680.0, 1915.0 ], [ 1678.0, 1915.0 ], [ 1677.0, 1915.0 ], [ 1675.0, 1915.0 ], [ 1675.0, 1917.0 ], [ 1675.0, 1918.0 ], [ 1675.0, 1920.0 ], [ 1675.0, 1921.0 ], [ 1675.0, 1923.0 ], [ 1675.0, 1924.0 ], [ 1675.0, 1926.0 ], [ 1675.0, 1927.0 ], [ 1675.0, 1929.0 ], [ 1675.0, 1930.0 ], [ 1675.0, 1932.0 ], [ 1675.0, 1933.0 ], [ 1675.0, 1935.0 ], [ 1675.0, 1936.0 ], [ 1675.0, 1938.0 ], [ 1675.0, 1939.0 ], [ 1675.0, 1941.0 ], [ 1675.0, 1942.0 ], [ 1675.0, 1944.0 ], [ 1675.0, 1945.0 ], [ 1675.0, 1947.0 ], [ 1674.0, 1948.0 ], [ 1672.0, 1948.0 ], [ 1671.0, 1948.0 ], [ 1669.0, 1948.0 ], [ 1668.0, 1948.0 ], [ 1666.0, 1948.0 ], [ 1665.0, 1948.0 ], [ 1663.0, 1948.0 ], [ 1662.0, 1948.0 ], [ 1660.0, 1948.0 ], [ 1659.0, 1948.0 ], [ 1659.0, 1950.0 ], [ 1659.0, 1951.0 ], [ 1659.0, 1953.0 ], [ 1659.0, 1954.0 ], [ 1659.0, 1956.0 ], [ 1659.0, 1957.0 ], [ 1659.0, 1958.0 ], [ 1659.0, 1960.0 ], [ 1659.0, 1961.0 ], [ 1657.0, 1963.0 ], [ 1656.0, 1963.0 ], [ 1654.0, 1963.0 ], [ 1653.0, 1963.0 ], [ 1652.0, 1963.0 ], [ 1650.0, 1963.0 ], [ 1649.0, 1963.0 ], [ 1647.0, 1963.0 ], [ 1646.0, 1963.0 ], [ 1644.0, 1963.0 ], [ 1643.0, 1964.0 ], [ 1643.0, 1966.0 ], [ 1643.0, 1967.0 ], [ 1643.0, 1969.0 ], [ 1643.0, 1970.0 ], [ 1643.0, 1972.0 ], [ 1643.0, 1973.0 ], [ 1643.0, 1975.0 ], [ 1643.0, 1976.0 ], [ 1643.0, 1978.0 ], [ 1641.0, 1979.0 ], [ 1640.0, 1979.0 ], [ 1638.0, 1979.0 ], [ 1637.0, 1979.0 ], [ 1635.0, 1979.0 ], [ 1634.0, 1979.0 ], [ 1632.0, 1979.0 ], [ 1631.0, 1979.0 ], [ 1629.0, 1979.0 ], [ 1628.0, 1979.0 ], [ 1626.0, 1981.0 ], [ 1625.0, 1979.0 ], [ 1625.0, 1978.0 ], [ 1625.0, 1976.0 ], [ 1625.0, 1975.0 ], [ 1625.0, 1973.0 ], [ 1625.0, 1972.0 ], [ 1625.0, 1970.0 ], [ 1625.0, 1969.0 ], [ 1625.0, 1967.0 ], [ 1625.0, 1966.0 ], [ 1625.0, 1964.0 ], [ 1623.0, 1963.0 ], [ 1622.0, 1963.0 ], [ 1620.0, 1963.0 ], [ 1619.0, 1963.0 ], [ 1617.0, 1963.0 ], [ 1616.0, 1963.0 ], [ 1614.0, 1963.0 ], [ 1613.0, 1963.0 ], [ 1611.0, 1963.0 ], [ 1610.0, 1963.0 ], [ 1609.0, 1963.0 ], [ 1607.0, 1963.0 ], [ 1606.0, 1963.0 ], [ 1604.0, 1963.0 ], [ 1603.0, 1963.0 ], [ 1601.0, 1963.0 ], [ 1600.0, 1963.0 ], [ 1598.0, 1963.0 ], [ 1597.0, 1963.0 ], [ 1595.0, 1964.0 ], [ 1594.0, 1964.0 ], [ 1592.0, 1963.0 ], [ 1591.0, 1963.0 ], [ 1589.0, 1963.0 ], [ 1588.0, 1963.0 ], [ 1586.0, 1963.0 ], [ 1585.0, 1963.0 ], [ 1583.0, 1963.0 ], [ 1582.0, 1963.0 ], [ 1580.0, 1963.0 ], [ 1579.0, 1963.0 ], [ 1577.0, 1961.0 ], [ 1577.0, 1960.0 ], [ 1577.0, 1958.0 ], [ 1577.0, 1957.0 ], [ 1577.0, 1956.0 ], [ 1577.0, 1954.0 ], [ 1577.0, 1953.0 ], [ 1577.0, 1951.0 ], [ 1577.0, 1950.0 ], [ 1577.0, 1948.0 ], [ 1576.0, 1948.0 ], [ 1574.0, 1948.0 ], [ 1573.0, 1948.0 ], [ 1571.0, 1948.0 ], [ 1570.0, 1948.0 ], [ 1568.0, 1948.0 ], [ 1567.0, 1948.0 ], [ 1566.0, 1948.0 ], [ 1564.0, 1948.0 ], [ 1563.0, 1948.0 ], [ 1561.0, 1947.0 ], [ 1561.0, 1945.0 ], [ 1561.0, 1944.0 ], [ 1561.0, 1942.0 ], [ 1561.0, 1941.0 ], [ 1561.0, 1939.0 ], [ 1561.0, 1938.0 ], [ 1561.0, 1936.0 ], [ 1561.0, 1935.0 ], [ 1561.0, 1933.0 ], [ 1561.0, 1932.0 ], [ 1561.0, 1930.0 ], [ 1561.0, 1929.0 ], [ 1561.0, 1927.0 ], [ 1561.0, 1926.0 ], [ 1561.0, 1924.0 ], [ 1561.0, 1923.0 ], [ 1561.0, 1921.0 ], [ 1561.0, 1920.0 ], [ 1561.0, 1918.0 ], [ 1561.0, 1917.0 ], [ 1561.0, 1915.0 ], [ 1560.0, 1915.0 ], [ 1558.0, 1915.0 ], [ 1557.0, 1915.0 ], [ 1555.0, 1915.0 ], [ 1554.0, 1915.0 ], [ 1552.0, 1915.0 ], [ 1551.0, 1915.0 ], [ 1549.0, 1915.0 ], [ 1548.0, 1915.0 ], [ 1546.0, 1915.0 ], [ 1545.0, 1914.0 ], [ 1545.0, 1913.0 ], [ 1545.0, 1911.0 ], [ 1545.0, 1910.0 ], [ 1545.0, 1908.0 ], [ 1545.0, 1907.0 ], [ 1545.0, 1905.0 ], [ 1545.0, 1904.0 ], [ 1545.0, 1902.0 ], [ 1545.0, 1901.0 ], [ 1545.0, 1899.0 ], [ 1545.0, 1898.0 ], [ 1545.0, 1896.0 ], [ 1545.0, 1895.0 ], [ 1545.0, 1893.0 ], [ 1545.0, 1892.0 ], [ 1545.0, 1890.0 ], [ 1545.0, 1889.0 ], [ 1545.0, 1887.0 ], [ 1545.0, 1886.0 ], [ 1545.0, 1884.0 ], [ 1543.0, 1883.0 ], [ 1542.0, 1883.0 ], [ 1540.0, 1883.0 ], [ 1539.0, 1883.0 ], [ 1537.0, 1883.0 ], [ 1536.0, 1883.0 ], [ 1534.0, 1883.0 ], [ 1533.0, 1883.0 ], [ 1531.0, 1883.0 ], [ 1530.0, 1883.0 ], [ 1528.0, 1881.0 ], [ 1528.0, 1880.0 ], [ 1528.0, 1878.0 ], [ 1528.0, 1877.0 ], [ 1528.0, 1875.0 ], [ 1528.0, 1874.0 ], [ 1528.0, 1872.0 ], [ 1528.0, 1871.0 ], [ 1528.0, 1870.0 ], [ 1528.0, 1868.0 ], [ 1527.0, 1868.0 ], [ 1525.0, 1867.0 ], [ 1524.0, 1867.0 ], [ 1523.0, 1867.0 ], [ 1521.0, 1867.0 ], [ 1520.0, 1867.0 ], [ 1518.0, 1867.0 ], [ 1517.0, 1867.0 ], [ 1515.0, 1867.0 ], [ 1514.0, 1865.0 ], [ 1514.0, 1864.0 ], [ 1514.0, 1862.0 ], [ 1514.0, 1861.0 ], [ 1514.0, 1859.0 ], [ 1514.0, 1858.0 ], [ 1514.0, 1856.0 ], [ 1514.0, 1855.0 ], [ 1514.0, 1853.0 ], [ 1514.0, 1852.0 ], [ 1514.0, 1850.0 ], [ 1514.0, 1849.0 ], [ 1514.0, 1847.0 ], [ 1514.0, 1846.0 ], [ 1514.0, 1844.0 ], [ 1514.0, 1843.0 ], [ 1514.0, 1841.0 ], [ 1514.0, 1840.0 ], [ 1514.0, 1838.0 ], [ 1514.0, 1837.0 ], [ 1514.0, 1835.0 ], [ 1515.0, 1834.0 ], [ 1517.0, 1834.0 ], [ 1518.0, 1834.0 ], [ 1520.0, 1834.0 ], [ 1521.0, 1834.0 ], [ 1523.0, 1834.0 ], [ 1524.0, 1834.0 ], [ 1525.0, 1834.0 ], [ 1527.0, 1834.0 ], [ 1528.0, 1834.0 ], [ 1528.0, 1832.0 ], [ 1528.0, 1831.0 ], [ 1528.0, 1829.0 ], [ 1528.0, 1828.0 ], [ 1528.0, 1827.0 ], [ 1528.0, 1825.0 ], [ 1528.0, 1824.0 ], [ 1528.0, 1822.0 ], [ 1528.0, 1821.0 ], [ 1528.0, 1819.0 ], [ 1528.0, 1818.0 ], [ 1528.0, 1816.0 ], [ 1528.0, 1815.0 ], [ 1528.0, 1813.0 ], [ 1528.0, 1812.0 ], [ 1528.0, 1810.0 ], [ 1528.0, 1809.0 ], [ 1528.0, 1807.0 ], [ 1528.0, 1806.0 ], [ 1528.0, 1804.0 ], [ 1528.0, 1803.0 ], [ 1528.0, 1801.0 ], [ 1528.0, 1800.0 ], [ 1528.0, 1798.0 ], [ 1528.0, 1797.0 ], [ 1528.0, 1795.0 ], [ 1528.0, 1794.0 ], [ 1528.0, 1792.0 ], [ 1528.0, 1791.0 ], [ 1528.0, 1789.0 ], [ 1528.0, 1788.0 ], [ 1528.0, 1786.0 ], [ 1530.0, 1785.0 ], [ 1531.0, 1785.0 ], [ 1533.0, 1785.0 ], [ 1534.0, 1785.0 ], [ 1536.0, 1785.0 ], [ 1537.0, 1785.0 ], [ 1539.0, 1785.0 ], [ 1540.0, 1785.0 ], [ 1542.0, 1785.0 ], [ 1543.0, 1785.0 ], [ 1545.0, 1785.0 ], [ 1545.0, 1784.0 ], [ 1545.0, 1782.0 ], [ 1545.0, 1781.0 ], [ 1545.0, 1779.0 ], [ 1545.0, 1778.0 ], [ 1545.0, 1776.0 ], [ 1545.0, 1775.0 ], [ 1545.0, 1773.0 ], [ 1545.0, 1772.0 ], [ 1546.0, 1770.0 ], [ 1548.0, 1770.0 ], [ 1549.0, 1770.0 ], [ 1551.0, 1770.0 ], [ 1552.0, 1770.0 ], [ 1554.0, 1770.0 ], [ 1555.0, 1770.0 ], [ 1557.0, 1770.0 ], [ 1558.0, 1769.0 ], [ 1560.0, 1769.0 ], [ 1561.0, 1769.0 ], [ 1561.0, 1767.0 ], [ 1561.0, 1766.0 ], [ 1561.0, 1764.0 ], [ 1561.0, 1763.0 ], [ 1561.0, 1761.0 ], [ 1561.0, 1760.0 ], [ 1561.0, 1758.0 ], [ 1561.0, 1757.0 ], [ 1561.0, 1755.0 ], [ 1563.0, 1754.0 ], [ 1564.0, 1754.0 ], [ 1566.0, 1754.0 ], [ 1567.0, 1754.0 ], [ 1568.0, 1754.0 ], [ 1570.0, 1754.0 ], [ 1571.0, 1754.0 ], [ 1573.0, 1754.0 ], [ 1574.0, 1754.0 ], [ 1576.0, 1754.0 ], [ 1577.0, 1752.0 ], [ 1577.0, 1751.0 ], [ 1577.0, 1749.0 ], [ 1577.0, 1748.0 ], [ 1577.0, 1746.0 ], [ 1577.0, 1745.0 ], [ 1577.0, 1743.0 ], [ 1577.0, 1742.0 ], [ 1577.0, 1741.0 ], [ 1577.0, 1739.0 ], [ 1577.0, 1738.0 ], [ 1577.0, 1736.0 ], [ 1577.0, 1735.0 ], [ 1577.0, 1733.0 ], [ 1577.0, 1732.0 ], [ 1577.0, 1730.0 ], [ 1577.0, 1729.0 ], [ 1577.0, 1727.0 ], [ 1577.0, 1726.0 ], [ 1577.0, 1724.0 ], [ 1577.0, 1723.0 ], [ 1577.0, 1721.0 ], [ 1577.0, 1720.0 ], [ 1577.0, 1718.0 ], [ 1577.0, 1717.0 ], [ 1577.0, 1715.0 ], [ 1577.0, 1714.0 ], [ 1577.0, 1712.0 ], [ 1577.0, 1711.0 ], [ 1577.0, 1709.0 ], [ 1577.0, 1708.0 ], [ 1577.0, 1706.0 ], [ 1577.0, 1705.0 ], [ 1577.0, 1703.0 ], [ 1577.0, 1702.0 ], [ 1577.0, 1700.0 ], [ 1577.0, 1699.0 ], [ 1577.0, 1697.0 ], [ 1577.0, 1696.0 ], [ 1577.0, 1695.0 ], [ 1577.0, 1693.0 ], [ 1577.0, 1692.0 ], [ 1577.0, 1690.0 ], [ 1579.0, 1689.0 ], [ 1580.0, 1689.0 ], [ 1582.0, 1689.0 ], [ 1583.0, 1689.0 ], [ 1585.0, 1689.0 ], [ 1586.0, 1689.0 ], [ 1588.0, 1689.0 ], [ 1589.0, 1689.0 ], [ 1591.0, 1689.0 ], [ 1592.0, 1689.0 ], [ 1594.0, 1689.0 ], [ 1595.0, 1689.0 ], [ 1597.0, 1689.0 ], [ 1598.0, 1689.0 ], [ 1600.0, 1689.0 ], [ 1601.0, 1689.0 ], [ 1603.0, 1689.0 ], [ 1604.0, 1689.0 ], [ 1606.0, 1689.0 ], [ 1607.0, 1689.0 ], [ 1609.0, 1689.0 ], [ 1609.0, 1687.0 ], [ 1609.0, 1686.0 ], [ 1609.0, 1684.0 ], [ 1609.0, 1683.0 ], [ 1609.0, 1681.0 ], [ 1609.0, 1680.0 ], [ 1609.0, 1678.0 ], [ 1609.0, 1677.0 ], [ 1609.0, 1675.0 ], [ 1609.0, 1674.0 ], [ 1609.0, 1672.0 ], [ 1609.0, 1671.0 ], [ 1609.0, 1669.0 ], [ 1609.0, 1668.0 ], [ 1609.0, 1666.0 ], [ 1609.0, 1665.0 ], [ 1609.0, 1663.0 ], [ 1609.0, 1662.0 ], [ 1609.0, 1660.0 ], [ 1609.0, 1659.0 ], [ 1610.0, 1657.0 ], [ 1611.0, 1657.0 ], [ 1613.0, 1657.0 ], [ 1614.0, 1657.0 ], [ 1616.0, 1657.0 ], [ 1617.0, 1657.0 ], [ 1619.0, 1657.0 ], [ 1620.0, 1657.0 ], [ 1622.0, 1657.0 ], [ 1623.0, 1657.0 ], [ 1625.0, 1657.0 ], [ 1625.0, 1656.0 ], [ 1625.0, 1654.0 ], [ 1625.0, 1653.0 ], [ 1625.0, 1652.0 ], [ 1625.0, 1650.0 ], [ 1625.0, 1649.0 ], [ 1625.0, 1647.0 ], [ 1625.0, 1646.0 ], [ 1625.0, 1644.0 ], [ 1625.0, 1643.0 ], [ 1626.0, 1641.0 ], [ 1628.0, 1641.0 ], [ 1629.0, 1641.0 ], [ 1631.0, 1641.0 ], [ 1632.0, 1641.0 ], [ 1634.0, 1641.0 ], [ 1635.0, 1641.0 ], [ 1637.0, 1641.0 ], [ 1638.0, 1641.0 ], [ 1640.0, 1641.0 ], [ 1641.0, 1641.0 ], [ 1641.0, 1640.0 ], [ 1641.0, 1638.0 ], [ 1641.0, 1637.0 ], [ 1641.0, 1635.0 ], [ 1641.0, 1634.0 ], [ 1641.0, 1632.0 ], [ 1641.0, 1631.0 ], [ 1641.0, 1629.0 ], [ 1641.0, 1628.0 ], [ 1641.0, 1626.0 ], [ 1641.0, 1625.0 ], [ 1641.0, 1623.0 ], [ 1641.0, 1622.0 ], [ 1641.0, 1620.0 ], [ 1641.0, 1619.0 ], [ 1641.0, 1617.0 ], [ 1641.0, 1616.0 ], [ 1641.0, 1614.0 ], [ 1641.0, 1613.0 ], [ 1641.0, 1611.0 ], [ 1641.0, 1610.0 ], [ 1641.0, 1609.0 ], [ 1641.0, 1607.0 ], [ 1641.0, 1606.0 ], [ 1641.0, 1604.0 ], [ 1641.0, 1603.0 ], [ 1641.0, 1601.0 ], [ 1641.0, 1600.0 ], [ 1641.0, 1598.0 ], [ 1641.0, 1597.0 ], [ 1641.0, 1595.0 ], [ 1640.0, 1594.0 ], [ 1641.0, 1592.0 ], [ 1641.0, 1591.0 ], [ 1641.0, 1589.0 ], [ 1641.0, 1588.0 ], [ 1641.0, 1586.0 ], [ 1641.0, 1585.0 ], [ 1641.0, 1583.0 ], [ 1641.0, 1582.0 ], [ 1641.0, 1580.0 ], [ 1641.0, 1579.0 ], [ 1643.0, 1577.0 ], [ 1644.0, 1577.0 ], [ 1646.0, 1577.0 ], [ 1647.0, 1577.0 ], [ 1649.0, 1577.0 ], [ 1650.0, 1577.0 ], [ 1652.0, 1577.0 ], [ 1653.0, 1577.0 ], [ 1654.0, 1577.0 ], [ 1656.0, 1577.0 ], [ 1657.0, 1576.0 ], [ 1657.0, 1574.0 ], [ 1657.0, 1573.0 ], [ 1657.0, 1571.0 ], [ 1657.0, 1570.0 ], [ 1657.0, 1568.0 ], [ 1657.0, 1567.0 ], [ 1657.0, 1566.0 ], [ 1657.0, 1564.0 ], [ 1657.0, 1563.0 ], [ 1657.0, 1561.0 ], [ 1657.0, 1560.0 ], [ 1657.0, 1558.0 ], [ 1657.0, 1557.0 ], [ 1657.0, 1555.0 ], [ 1657.0, 1554.0 ], [ 1657.0, 1552.0 ], [ 1657.0, 1551.0 ], [ 1657.0, 1549.0 ], [ 1657.0, 1548.0 ], [ 1657.0, 1546.0 ], [ 1659.0, 1545.0 ], [ 1660.0, 1545.0 ], [ 1662.0, 1545.0 ], [ 1663.0, 1545.0 ], [ 1665.0, 1545.0 ], [ 1666.0, 1545.0 ], [ 1668.0, 1545.0 ], [ 1669.0, 1545.0 ], [ 1671.0, 1545.0 ], [ 1672.0, 1545.0 ], [ 1674.0, 1543.0 ], [ 1674.0, 1542.0 ], [ 1674.0, 1540.0 ], [ 1674.0, 1539.0 ], [ 1674.0, 1537.0 ], [ 1674.0, 1536.0 ], [ 1674.0, 1534.0 ], [ 1674.0, 1533.0 ], [ 1674.0, 1531.0 ], [ 1674.0, 1530.0 ], [ 1675.0, 1528.0 ], [ 1677.0, 1528.0 ], [ 1678.0, 1528.0 ], [ 1680.0, 1528.0 ], [ 1681.0, 1528.0 ], [ 1683.0, 1528.0 ], [ 1684.0, 1528.0 ], [ 1686.0, 1528.0 ], [ 1687.0, 1528.0 ], [ 1689.0, 1528.0 ], [ 1690.0, 1528.0 ], [ 1692.0, 1528.0 ], [ 1693.0, 1528.0 ], [ 1695.0, 1528.0 ], [ 1696.0, 1528.0 ], [ 1697.0, 1528.0 ], [ 1699.0, 1528.0 ], [ 1700.0, 1528.0 ], [ 1702.0, 1528.0 ], [ 1703.0, 1528.0 ], [ 1705.0, 1528.0 ], [ 1705.0, 1527.0 ], [ 1705.0, 1525.0 ], [ 1705.0, 1524.0 ], [ 1705.0, 1523.0 ], [ 1705.0, 1521.0 ], [ 1705.0, 1520.0 ], [ 1705.0, 1518.0 ], [ 1705.0, 1517.0 ], [ 1705.0, 1515.0 ], [ 1706.0, 1514.0 ], [ 1708.0, 1514.0 ], [ 1709.0, 1514.0 ], [ 1711.0, 1514.0 ], [ 1712.0, 1514.0 ], [ 1714.0, 1514.0 ], [ 1715.0, 1514.0 ], [ 1717.0, 1514.0 ], [ 1718.0, 1514.0 ], [ 1720.0, 1512.0 ], [ 1721.0, 1512.0 ], [ 1721.0, 1511.0 ], [ 1721.0, 1509.0 ], [ 1721.0, 1508.0 ], [ 1721.0, 1506.0 ], [ 1721.0, 1505.0 ], [ 1721.0, 1503.0 ], [ 1721.0, 1502.0 ], [ 1721.0, 1500.0 ], [ 1721.0, 1499.0 ], [ 1721.0, 1497.0 ], [ 1721.0, 1496.0 ], [ 1721.0, 1494.0 ], [ 1721.0, 1493.0 ], [ 1721.0, 1491.0 ], [ 1721.0, 1490.0 ], [ 1721.0, 1488.0 ], [ 1721.0, 1487.0 ], [ 1721.0, 1485.0 ], [ 1721.0, 1484.0 ], [ 1721.0, 1482.0 ], [ 1721.0, 1481.0 ], [ 1721.0, 1480.0 ], [ 1721.0, 1478.0 ], [ 1721.0, 1477.0 ], [ 1721.0, 1475.0 ], [ 1721.0, 1474.0 ], [ 1721.0, 1472.0 ], [ 1721.0, 1471.0 ], [ 1721.0, 1469.0 ], [ 1721.0, 1468.0 ], [ 1721.0, 1466.0 ], [ 1720.0, 1466.0 ], [ 1718.0, 1466.0 ], [ 1717.0, 1466.0 ], [ 1715.0, 1466.0 ], [ 1714.0, 1466.0 ], [ 1712.0, 1466.0 ], [ 1711.0, 1466.0 ], [ 1709.0, 1466.0 ], [ 1708.0, 1466.0 ], [ 1706.0, 1466.0 ], [ 1705.0, 1466.0 ], [ 1703.0, 1466.0 ], [ 1702.0, 1466.0 ], [ 1700.0, 1466.0 ], [ 1699.0, 1466.0 ], [ 1697.0, 1466.0 ], [ 1696.0, 1466.0 ], [ 1695.0, 1466.0 ], [ 1693.0, 1466.0 ], [ 1692.0, 1466.0 ], [ 1692.0, 1468.0 ], [ 1692.0, 1469.0 ], [ 1692.0, 1471.0 ], [ 1692.0, 1472.0 ], [ 1692.0, 1474.0 ], [ 1692.0, 1475.0 ], [ 1692.0, 1477.0 ], [ 1692.0, 1478.0 ], [ 1692.0, 1480.0 ], [ 1692.0, 1481.0 ], [ 1690.0, 1482.0 ], [ 1689.0, 1482.0 ], [ 1687.0, 1482.0 ], [ 1686.0, 1482.0 ], [ 1684.0, 1482.0 ], [ 1683.0, 1482.0 ], [ 1681.0, 1482.0 ], [ 1680.0, 1482.0 ], [ 1678.0, 1482.0 ], [ 1677.0, 1482.0 ], [ 1675.0, 1482.0 ], [ 1674.0, 1482.0 ], [ 1672.0, 1482.0 ], [ 1671.0, 1482.0 ], [ 1669.0, 1482.0 ], [ 1668.0, 1482.0 ], [ 1666.0, 1482.0 ], [ 1665.0, 1482.0 ], [ 1663.0, 1482.0 ], [ 1662.0, 1482.0 ], [ 1660.0, 1482.0 ], [ 1659.0, 1482.0 ], [ 1659.0, 1484.0 ], [ 1659.0, 1485.0 ], [ 1659.0, 1487.0 ], [ 1659.0, 1488.0 ], [ 1659.0, 1490.0 ], [ 1659.0, 1491.0 ], [ 1659.0, 1493.0 ], [ 1659.0, 1494.0 ], [ 1659.0, 1496.0 ], [ 1659.0, 1497.0 ], [ 1657.0, 1499.0 ], [ 1656.0, 1499.0 ], [ 1654.0, 1499.0 ], [ 1653.0, 1499.0 ], [ 1652.0, 1499.0 ], [ 1650.0, 1499.0 ], [ 1649.0, 1499.0 ], [ 1647.0, 1499.0 ], [ 1646.0, 1499.0 ], [ 1644.0, 1499.0 ], [ 1643.0, 1499.0 ], [ 1641.0, 1499.0 ], [ 1640.0, 1499.0 ], [ 1638.0, 1499.0 ], [ 1637.0, 1499.0 ], [ 1635.0, 1499.0 ], [ 1634.0, 1499.0 ], [ 1632.0, 1499.0 ], [ 1631.0, 1499.0 ], [ 1629.0, 1499.0 ], [ 1628.0, 1499.0 ], [ 1626.0, 1500.0 ], [ 1626.0, 1502.0 ], [ 1626.0, 1503.0 ], [ 1626.0, 1505.0 ], [ 1626.0, 1506.0 ], [ 1626.0, 1508.0 ], [ 1626.0, 1509.0 ], [ 1626.0, 1511.0 ], [ 1626.0, 1512.0 ], [ 1626.0, 1514.0 ], [ 1625.0, 1515.0 ], [ 1623.0, 1515.0 ], [ 1622.0, 1515.0 ], [ 1620.0, 1515.0 ], [ 1619.0, 1515.0 ], [ 1617.0, 1515.0 ], [ 1616.0, 1515.0 ], [ 1614.0, 1515.0 ], [ 1613.0, 1515.0 ], [ 1611.0, 1515.0 ], [ 1611.0, 1517.0 ], [ 1611.0, 1518.0 ], [ 1611.0, 1520.0 ], [ 1611.0, 1521.0 ], [ 1611.0, 1523.0 ], [ 1611.0, 1524.0 ], [ 1611.0, 1525.0 ], [ 1611.0, 1527.0 ], [ 1611.0, 1528.0 ], [ 1610.0, 1530.0 ], [ 1609.0, 1530.0 ], [ 1607.0, 1530.0 ], [ 1606.0, 1530.0 ], [ 1604.0, 1530.0 ], [ 1603.0, 1530.0 ], [ 1601.0, 1530.0 ], [ 1600.0, 1530.0 ], [ 1598.0, 1530.0 ], [ 1597.0, 1530.0 ], [ 1595.0, 1530.0 ], [ 1594.0, 1530.0 ], [ 1592.0, 1530.0 ], [ 1591.0, 1530.0 ], [ 1589.0, 1530.0 ], [ 1588.0, 1530.0 ], [ 1586.0, 1530.0 ], [ 1585.0, 1530.0 ], [ 1583.0, 1530.0 ], [ 1582.0, 1531.0 ], [ 1580.0, 1531.0 ], [ 1579.0, 1531.0 ], [ 1579.0, 1533.0 ], [ 1579.0, 1534.0 ], [ 1579.0, 1536.0 ], [ 1579.0, 1537.0 ], [ 1579.0, 1539.0 ], [ 1579.0, 1540.0 ], [ 1579.0, 1542.0 ], [ 1579.0, 1543.0 ], [ 1579.0, 1545.0 ], [ 1577.0, 1546.0 ], [ 1576.0, 1546.0 ], [ 1574.0, 1546.0 ], [ 1573.0, 1546.0 ], [ 1571.0, 1546.0 ], [ 1570.0, 1546.0 ], [ 1568.0, 1546.0 ], [ 1567.0, 1546.0 ], [ 1566.0, 1546.0 ], [ 1564.0, 1546.0 ], [ 1563.0, 1548.0 ], [ 1563.0, 1549.0 ], [ 1563.0, 1551.0 ], [ 1563.0, 1552.0 ], [ 1563.0, 1554.0 ], [ 1563.0, 1555.0 ], [ 1563.0, 1557.0 ], [ 1563.0, 1558.0 ], [ 1563.0, 1560.0 ], [ 1563.0, 1561.0 ], [ 1561.0, 1563.0 ], [ 1560.0, 1563.0 ], [ 1558.0, 1563.0 ], [ 1557.0, 1563.0 ], [ 1555.0, 1563.0 ], [ 1554.0, 1563.0 ], [ 1552.0, 1563.0 ], [ 1551.0, 1563.0 ], [ 1549.0, 1563.0 ], [ 1548.0, 1563.0 ], [ 1546.0, 1564.0 ], [ 1546.0, 1566.0 ], [ 1546.0, 1567.0 ], [ 1546.0, 1568.0 ], [ 1546.0, 1570.0 ], [ 1546.0, 1571.0 ], [ 1546.0, 1573.0 ], [ 1546.0, 1574.0 ], [ 1546.0, 1576.0 ], [ 1546.0, 1577.0 ], [ 1545.0, 1579.0 ], [ 1543.0, 1579.0 ], [ 1542.0, 1579.0 ], [ 1540.0, 1579.0 ], [ 1539.0, 1579.0 ], [ 1537.0, 1579.0 ], [ 1536.0, 1579.0 ], [ 1534.0, 1579.0 ], [ 1533.0, 1579.0 ], [ 1531.0, 1579.0 ], [ 1531.0, 1580.0 ], [ 1531.0, 1582.0 ], [ 1531.0, 1583.0 ], [ 1531.0, 1585.0 ], [ 1531.0, 1586.0 ], [ 1531.0, 1588.0 ], [ 1531.0, 1589.0 ], [ 1531.0, 1591.0 ], [ 1531.0, 1592.0 ], [ 1531.0, 1594.0 ], [ 1530.0, 1595.0 ], [ 1528.0, 1595.0 ], [ 1527.0, 1595.0 ], [ 1525.0, 1595.0 ], [ 1524.0, 1595.0 ], [ 1523.0, 1595.0 ], [ 1521.0, 1595.0 ], [ 1520.0, 1595.0 ], [ 1518.0, 1595.0 ], [ 1517.0, 1595.0 ], [ 1515.0, 1595.0 ], [ 1515.0, 1597.0 ], [ 1515.0, 1598.0 ], [ 1515.0, 1600.0 ], [ 1515.0, 1601.0 ], [ 1515.0, 1603.0 ], [ 1515.0, 1604.0 ], [ 1515.0, 1606.0 ], [ 1515.0, 1607.0 ], [ 1515.0, 1609.0 ], [ 1514.0, 1610.0 ], [ 1512.0, 1610.0 ], [ 1511.0, 1610.0 ], [ 1509.0, 1610.0 ], [ 1508.0, 1610.0 ], [ 1506.0, 1610.0 ], [ 1505.0, 1610.0 ], [ 1503.0, 1610.0 ], [ 1502.0, 1611.0 ], [ 1500.0, 1611.0 ], [ 1499.0, 1611.0 ], [ 1499.0, 1613.0 ], [ 1499.0, 1614.0 ], [ 1499.0, 1616.0 ], [ 1499.0, 1617.0 ], [ 1499.0, 1619.0 ], [ 1499.0, 1620.0 ], [ 1499.0, 1622.0 ], [ 1499.0, 1623.0 ], [ 1499.0, 1625.0 ], [ 1499.0, 1626.0 ], [ 1499.0, 1628.0 ], [ 1499.0, 1629.0 ], [ 1499.0, 1631.0 ], [ 1499.0, 1632.0 ], [ 1499.0, 1634.0 ], [ 1499.0, 1635.0 ], [ 1499.0, 1637.0 ], [ 1499.0, 1638.0 ], [ 1499.0, 1640.0 ], [ 1499.0, 1641.0 ], [ 1499.0, 1643.0 ], [ 1499.0, 1644.0 ], [ 1499.0, 1646.0 ], [ 1499.0, 1647.0 ], [ 1499.0, 1649.0 ], [ 1499.0, 1650.0 ], [ 1499.0, 1652.0 ], [ 1499.0, 1653.0 ], [ 1499.0, 1654.0 ], [ 1499.0, 1656.0 ], [ 1499.0, 1657.0 ], [ 1497.0, 1659.0 ], [ 1496.0, 1659.0 ], [ 1494.0, 1659.0 ], [ 1493.0, 1659.0 ], [ 1491.0, 1659.0 ], [ 1490.0, 1659.0 ], [ 1488.0, 1659.0 ], [ 1487.0, 1659.0 ], [ 1485.0, 1659.0 ], [ 1484.0, 1659.0 ], [ 1482.0, 1659.0 ], [ 1482.0, 1660.0 ], [ 1482.0, 1662.0 ], [ 1482.0, 1663.0 ], [ 1482.0, 1665.0 ], [ 1482.0, 1666.0 ], [ 1482.0, 1668.0 ], [ 1482.0, 1669.0 ], [ 1482.0, 1671.0 ], [ 1482.0, 1672.0 ], [ 1482.0, 1674.0 ], [ 1481.0, 1675.0 ], [ 1480.0, 1675.0 ], [ 1478.0, 1675.0 ], [ 1477.0, 1675.0 ], [ 1475.0, 1675.0 ], [ 1474.0, 1675.0 ], [ 1472.0, 1675.0 ], [ 1471.0, 1675.0 ], [ 1469.0, 1675.0 ], [ 1468.0, 1675.0 ], [ 1466.0, 1677.0 ], [ 1465.0, 1675.0 ], [ 1463.0, 1675.0 ], [ 1462.0, 1675.0 ], [ 1460.0, 1675.0 ], [ 1459.0, 1675.0 ], [ 1457.0, 1675.0 ], [ 1456.0, 1675.0 ], [ 1454.0, 1675.0 ], [ 1453.0, 1675.0 ], [ 1451.0, 1675.0 ], [ 1450.0, 1675.0 ], [ 1448.0, 1675.0 ], [ 1447.0, 1675.0 ], [ 1445.0, 1675.0 ], [ 1444.0, 1675.0 ], [ 1442.0, 1675.0 ], [ 1441.0, 1675.0 ], [ 1439.0, 1675.0 ], [ 1438.0, 1675.0 ], [ 1436.0, 1675.0 ], [ 1435.0, 1675.0 ], [ 1434.0, 1675.0 ], [ 1432.0, 1675.0 ], [ 1431.0, 1675.0 ], [ 1429.0, 1675.0 ], [ 1428.0, 1675.0 ], [ 1426.0, 1675.0 ], [ 1425.0, 1675.0 ], [ 1423.0, 1675.0 ], [ 1422.0, 1675.0 ], [ 1420.0, 1675.0 ], [ 1419.0, 1675.0 ], [ 1417.0, 1674.0 ], [ 1417.0, 1672.0 ], [ 1417.0, 1671.0 ], [ 1417.0, 1669.0 ], [ 1417.0, 1668.0 ], [ 1417.0, 1666.0 ], [ 1417.0, 1665.0 ], [ 1417.0, 1663.0 ], [ 1417.0, 1662.0 ], [ 1417.0, 1660.0 ], [ 1416.0, 1659.0 ], [ 1414.0, 1659.0 ], [ 1413.0, 1659.0 ], [ 1411.0, 1659.0 ], [ 1410.0, 1659.0 ], [ 1408.0, 1659.0 ], [ 1407.0, 1659.0 ], [ 1405.0, 1659.0 ], [ 1404.0, 1659.0 ], [ 1402.0, 1659.0 ], [ 1401.0, 1659.0 ], [ 1399.0, 1657.0 ], [ 1401.0, 1656.0 ], [ 1401.0, 1654.0 ], [ 1401.0, 1653.0 ], [ 1401.0, 1652.0 ], [ 1401.0, 1650.0 ], [ 1401.0, 1649.0 ], [ 1401.0, 1647.0 ], [ 1401.0, 1646.0 ], [ 1401.0, 1644.0 ], [ 1401.0, 1643.0 ], [ 1401.0, 1641.0 ], [ 1401.0, 1640.0 ], [ 1401.0, 1638.0 ], [ 1401.0, 1637.0 ], [ 1401.0, 1635.0 ], [ 1401.0, 1634.0 ], [ 1401.0, 1632.0 ], [ 1401.0, 1631.0 ], [ 1401.0, 1629.0 ], [ 1401.0, 1628.0 ], [ 1401.0, 1626.0 ], [ 1401.0, 1625.0 ], [ 1401.0, 1623.0 ], [ 1401.0, 1622.0 ], [ 1401.0, 1620.0 ], [ 1401.0, 1619.0 ], [ 1401.0, 1617.0 ], [ 1401.0, 1616.0 ], [ 1401.0, 1614.0 ], [ 1401.0, 1613.0 ], [ 1401.0, 1611.0 ], [ 1401.0, 1610.0 ], [ 1401.0, 1609.0 ], [ 1401.0, 1607.0 ], [ 1401.0, 1606.0 ], [ 1401.0, 1604.0 ], [ 1401.0, 1603.0 ], [ 1401.0, 1601.0 ], [ 1401.0, 1600.0 ], [ 1401.0, 1598.0 ], [ 1401.0, 1597.0 ], [ 1401.0, 1595.0 ], [ 1399.0, 1595.0 ], [ 1398.0, 1595.0 ], [ 1396.0, 1595.0 ], [ 1395.0, 1595.0 ], [ 1393.0, 1595.0 ], [ 1392.0, 1595.0 ], [ 1391.0, 1595.0 ], [ 1389.0, 1595.0 ], [ 1388.0, 1595.0 ], [ 1386.0, 1595.0 ], [ 1385.0, 1595.0 ], [ 1383.0, 1595.0 ], [ 1382.0, 1595.0 ], [ 1380.0, 1595.0 ], [ 1379.0, 1595.0 ], [ 1377.0, 1595.0 ], [ 1376.0, 1595.0 ], [ 1374.0, 1595.0 ], [ 1373.0, 1595.0 ], [ 1371.0, 1595.0 ], [ 1370.0, 1597.0 ], [ 1370.0, 1598.0 ], [ 1370.0, 1600.0 ], [ 1370.0, 1601.0 ], [ 1370.0, 1603.0 ], [ 1370.0, 1604.0 ], [ 1370.0, 1606.0 ], [ 1370.0, 1607.0 ], [ 1370.0, 1609.0 ], [ 1370.0, 1610.0 ], [ 1370.0, 1611.0 ], [ 1370.0, 1613.0 ], [ 1370.0, 1614.0 ], [ 1370.0, 1616.0 ], [ 1370.0, 1617.0 ], [ 1370.0, 1619.0 ], [ 1370.0, 1620.0 ], [ 1370.0, 1622.0 ], [ 1370.0, 1623.0 ], [ 1370.0, 1625.0 ], [ 1368.0, 1626.0 ], [ 1367.0, 1626.0 ], [ 1365.0, 1626.0 ], [ 1364.0, 1626.0 ], [ 1362.0, 1626.0 ], [ 1361.0, 1626.0 ], [ 1359.0, 1626.0 ], [ 1358.0, 1626.0 ], [ 1356.0, 1626.0 ], [ 1355.0, 1626.0 ], [ 1355.0, 1628.0 ], [ 1355.0, 1629.0 ], [ 1355.0, 1631.0 ], [ 1355.0, 1632.0 ], [ 1355.0, 1634.0 ], [ 1355.0, 1635.0 ], [ 1355.0, 1637.0 ], [ 1355.0, 1638.0 ], [ 1355.0, 1640.0 ], [ 1355.0, 1641.0 ], [ 1355.0, 1643.0 ], [ 1355.0, 1644.0 ], [ 1355.0, 1646.0 ], [ 1355.0, 1647.0 ], [ 1355.0, 1649.0 ], [ 1355.0, 1650.0 ], [ 1355.0, 1652.0 ], [ 1355.0, 1653.0 ], [ 1355.0, 1654.0 ], [ 1355.0, 1656.0 ], [ 1355.0, 1657.0 ], [ 1353.0, 1659.0 ], [ 1352.0, 1657.0 ], [ 1352.0, 1656.0 ], [ 1352.0, 1654.0 ], [ 1352.0, 1653.0 ], [ 1352.0, 1652.0 ], [ 1352.0, 1650.0 ], [ 1352.0, 1649.0 ], [ 1352.0, 1647.0 ], [ 1352.0, 1646.0 ], [ 1352.0, 1644.0 ], [ 1352.0, 1643.0 ], [ 1350.0, 1643.0 ], [ 1349.0, 1643.0 ], [ 1348.0, 1643.0 ], [ 1346.0, 1643.0 ], [ 1345.0, 1643.0 ], [ 1343.0, 1643.0 ], [ 1342.0, 1643.0 ], [ 1340.0, 1643.0 ], [ 1339.0, 1643.0 ], [ 1337.0, 1641.0 ], [ 1337.0, 1640.0 ], [ 1337.0, 1638.0 ], [ 1337.0, 1637.0 ], [ 1337.0, 1635.0 ], [ 1337.0, 1634.0 ], [ 1337.0, 1632.0 ], [ 1337.0, 1631.0 ], [ 1337.0, 1629.0 ], [ 1337.0, 1628.0 ], [ 1337.0, 1626.0 ], [ 1337.0, 1625.0 ], [ 1337.0, 1623.0 ], [ 1337.0, 1622.0 ], [ 1337.0, 1620.0 ], [ 1337.0, 1619.0 ], [ 1337.0, 1617.0 ], [ 1337.0, 1616.0 ], [ 1337.0, 1614.0 ], [ 1337.0, 1613.0 ], [ 1337.0, 1611.0 ], [ 1336.0, 1611.0 ], [ 1334.0, 1611.0 ], [ 1333.0, 1610.0 ], [ 1331.0, 1610.0 ], [ 1330.0, 1610.0 ], [ 1328.0, 1610.0 ], [ 1327.0, 1610.0 ], [ 1325.0, 1610.0 ], [ 1324.0, 1610.0 ], [ 1322.0, 1610.0 ], [ 1321.0, 1609.0 ], [ 1321.0, 1607.0 ], [ 1321.0, 1606.0 ], [ 1321.0, 1604.0 ], [ 1321.0, 1603.0 ], [ 1321.0, 1601.0 ], [ 1321.0, 1600.0 ], [ 1321.0, 1598.0 ], [ 1321.0, 1597.0 ], [ 1321.0, 1595.0 ], [ 1319.0, 1595.0 ], [ 1318.0, 1595.0 ], [ 1316.0, 1595.0 ], [ 1315.0, 1595.0 ], [ 1313.0, 1595.0 ], [ 1312.0, 1595.0 ], [ 1310.0, 1595.0 ], [ 1309.0, 1595.0 ], [ 1307.0, 1595.0 ], [ 1306.0, 1595.0 ], [ 1305.0, 1595.0 ], [ 1303.0, 1595.0 ], [ 1302.0, 1595.0 ], [ 1300.0, 1595.0 ], [ 1299.0, 1595.0 ], [ 1297.0, 1595.0 ], [ 1296.0, 1595.0 ], [ 1294.0, 1595.0 ], [ 1293.0, 1595.0 ], [ 1291.0, 1595.0 ], [ 1290.0, 1597.0 ], [ 1290.0, 1598.0 ], [ 1290.0, 1600.0 ], [ 1290.0, 1601.0 ], [ 1290.0, 1603.0 ], [ 1290.0, 1604.0 ], [ 1290.0, 1606.0 ], [ 1290.0, 1607.0 ], [ 1290.0, 1609.0 ], [ 1290.0, 1610.0 ], [ 1290.0, 1611.0 ], [ 1290.0, 1613.0 ], [ 1290.0, 1614.0 ], [ 1290.0, 1616.0 ], [ 1290.0, 1617.0 ], [ 1290.0, 1619.0 ], [ 1290.0, 1620.0 ], [ 1290.0, 1622.0 ], [ 1290.0, 1623.0 ], [ 1290.0, 1625.0 ], [ 1290.0, 1626.0 ], [ 1290.0, 1628.0 ], [ 1290.0, 1629.0 ], [ 1290.0, 1631.0 ], [ 1290.0, 1632.0 ], [ 1290.0, 1634.0 ], [ 1290.0, 1635.0 ], [ 1290.0, 1637.0 ], [ 1290.0, 1638.0 ], [ 1290.0, 1640.0 ], [ 1290.0, 1641.0 ], [ 1288.0, 1643.0 ], [ 1287.0, 1643.0 ], [ 1285.0, 1643.0 ], [ 1284.0, 1643.0 ], [ 1282.0, 1643.0 ], [ 1281.0, 1643.0 ], [ 1279.0, 1643.0 ], [ 1278.0, 1643.0 ], [ 1276.0, 1643.0 ], [ 1275.0, 1643.0 ], [ 1273.0, 1643.0 ], [ 1272.0, 1643.0 ], [ 1270.0, 1643.0 ], [ 1269.0, 1643.0 ], [ 1267.0, 1643.0 ], [ 1266.0, 1643.0 ], [ 1264.0, 1643.0 ], [ 1263.0, 1643.0 ], [ 1262.0, 1643.0 ], [ 1260.0, 1643.0 ], [ 1259.0, 1643.0 ], [ 1257.0, 1641.0 ], [ 1257.0, 1640.0 ], [ 1257.0, 1638.0 ], [ 1257.0, 1637.0 ], [ 1257.0, 1635.0 ], [ 1257.0, 1634.0 ], [ 1257.0, 1632.0 ], [ 1257.0, 1631.0 ], [ 1257.0, 1629.0 ], [ 1256.0, 1628.0 ], [ 1256.0, 1626.0 ], [ 1254.0, 1626.0 ], [ 1253.0, 1626.0 ], [ 1251.0, 1626.0 ], [ 1250.0, 1626.0 ], [ 1248.0, 1626.0 ], [ 1247.0, 1626.0 ], [ 1245.0, 1626.0 ], [ 1244.0, 1626.0 ], [ 1242.0, 1626.0 ], [ 1241.0, 1625.0 ], [ 1241.0, 1623.0 ], [ 1241.0, 1622.0 ], [ 1241.0, 1620.0 ], [ 1241.0, 1619.0 ], [ 1241.0, 1617.0 ], [ 1241.0, 1616.0 ], [ 1241.0, 1614.0 ], [ 1241.0, 1613.0 ], [ 1241.0, 1611.0 ], [ 1241.0, 1610.0 ], [ 1241.0, 1609.0 ], [ 1241.0, 1607.0 ], [ 1241.0, 1606.0 ], [ 1241.0, 1604.0 ], [ 1241.0, 1603.0 ], [ 1241.0, 1601.0 ], [ 1241.0, 1600.0 ], [ 1241.0, 1598.0 ], [ 1241.0, 1597.0 ], [ 1241.0, 1595.0 ], [ 1241.0, 1594.0 ], [ 1241.0, 1592.0 ], [ 1241.0, 1591.0 ], [ 1241.0, 1589.0 ], [ 1241.0, 1588.0 ], [ 1241.0, 1586.0 ], [ 1241.0, 1585.0 ], [ 1241.0, 1583.0 ], [ 1241.0, 1582.0 ], [ 1241.0, 1580.0 ], [ 1241.0, 1579.0 ], [ 1239.0, 1579.0 ], [ 1238.0, 1579.0 ], [ 1236.0, 1579.0 ], [ 1235.0, 1579.0 ], [ 1233.0, 1579.0 ], [ 1232.0, 1579.0 ], [ 1230.0, 1579.0 ], [ 1229.0, 1579.0 ], [ 1227.0, 1579.0 ], [ 1226.0, 1579.0 ], [ 1224.0, 1579.0 ], [ 1223.0, 1579.0 ], [ 1221.0, 1579.0 ], [ 1220.0, 1579.0 ], [ 1218.0, 1579.0 ], [ 1217.0, 1579.0 ], [ 1216.0, 1579.0 ], [ 1214.0, 1579.0 ], [ 1213.0, 1579.0 ], [ 1211.0, 1579.0 ], [ 1210.0, 1579.0 ], [ 1208.0, 1579.0 ], [ 1207.0, 1579.0 ], [ 1205.0, 1579.0 ], [ 1204.0, 1579.0 ], [ 1202.0, 1579.0 ], [ 1201.0, 1579.0 ], [ 1199.0, 1579.0 ], [ 1198.0, 1579.0 ], [ 1196.0, 1579.0 ], [ 1195.0, 1579.0 ], [ 1195.0, 1580.0 ], [ 1193.0, 1582.0 ], [ 1192.0, 1580.0 ], [ 1192.0, 1579.0 ], [ 1192.0, 1577.0 ], [ 1192.0, 1576.0 ], [ 1192.0, 1574.0 ], [ 1192.0, 1573.0 ], [ 1192.0, 1571.0 ], [ 1192.0, 1570.0 ], [ 1192.0, 1568.0 ], [ 1192.0, 1567.0 ], [ 1192.0, 1566.0 ], [ 1192.0, 1564.0 ], [ 1192.0, 1563.0 ], [ 1193.0, 1561.0 ], [ 1195.0, 1561.0 ], [ 1196.0, 1561.0 ], [ 1198.0, 1561.0 ], [ 1199.0, 1561.0 ], [ 1201.0, 1561.0 ], [ 1202.0, 1561.0 ], [ 1204.0, 1561.0 ], [ 1205.0, 1561.0 ], [ 1207.0, 1561.0 ], [ 1208.0, 1561.0 ], [ 1208.0, 1560.0 ], [ 1208.0, 1558.0 ], [ 1208.0, 1557.0 ], [ 1208.0, 1555.0 ], [ 1208.0, 1554.0 ], [ 1208.0, 1552.0 ], [ 1208.0, 1551.0 ], [ 1208.0, 1549.0 ], [ 1208.0, 1548.0 ], [ 1208.0, 1546.0 ], [ 1210.0, 1545.0 ], [ 1211.0, 1545.0 ], [ 1213.0, 1545.0 ], [ 1214.0, 1545.0 ], [ 1216.0, 1545.0 ], [ 1217.0, 1545.0 ], [ 1218.0, 1545.0 ], [ 1220.0, 1545.0 ], [ 1221.0, 1545.0 ], [ 1223.0, 1545.0 ], [ 1224.0, 1545.0 ], [ 1226.0, 1545.0 ], [ 1227.0, 1545.0 ], [ 1229.0, 1545.0 ], [ 1230.0, 1545.0 ], [ 1232.0, 1545.0 ], [ 1233.0, 1545.0 ], [ 1235.0, 1545.0 ], [ 1236.0, 1545.0 ], [ 1238.0, 1545.0 ], [ 1239.0, 1545.0 ], [ 1241.0, 1545.0 ], [ 1241.0, 1543.0 ], [ 1241.0, 1542.0 ], [ 1241.0, 1540.0 ], [ 1241.0, 1539.0 ], [ 1241.0, 1537.0 ], [ 1241.0, 1536.0 ], [ 1241.0, 1534.0 ], [ 1241.0, 1533.0 ], [ 1241.0, 1531.0 ], [ 1241.0, 1530.0 ], [ 1241.0, 1528.0 ], [ 1241.0, 1527.0 ], [ 1241.0, 1525.0 ], [ 1241.0, 1524.0 ], [ 1241.0, 1523.0 ], [ 1241.0, 1521.0 ], [ 1241.0, 1520.0 ], [ 1241.0, 1518.0 ], [ 1241.0, 1517.0 ], [ 1241.0, 1515.0 ], [ 1239.0, 1515.0 ], [ 1238.0, 1515.0 ], [ 1236.0, 1514.0 ], [ 1238.0, 1512.0 ], [ 1239.0, 1512.0 ], [ 1241.0, 1512.0 ], [ 1241.0, 1511.0 ], [ 1241.0, 1509.0 ], [ 1241.0, 1508.0 ], [ 1241.0, 1506.0 ], [ 1241.0, 1505.0 ], [ 1241.0, 1503.0 ], [ 1241.0, 1502.0 ], [ 1241.0, 1500.0 ], [ 1241.0, 1499.0 ], [ 1242.0, 1497.0 ], [ 1244.0, 1497.0 ], [ 1245.0, 1497.0 ], [ 1247.0, 1497.0 ], [ 1248.0, 1497.0 ], [ 1250.0, 1497.0 ], [ 1251.0, 1497.0 ], [ 1253.0, 1497.0 ], [ 1254.0, 1497.0 ], [ 1256.0, 1497.0 ], [ 1256.0, 1496.0 ], [ 1257.0, 1494.0 ], [ 1257.0, 1493.0 ], [ 1257.0, 1491.0 ], [ 1257.0, 1490.0 ], [ 1257.0, 1488.0 ], [ 1257.0, 1487.0 ], [ 1257.0, 1485.0 ], [ 1257.0, 1484.0 ], [ 1257.0, 1482.0 ], [ 1259.0, 1481.0 ], [ 1260.0, 1481.0 ], [ 1262.0, 1481.0 ], [ 1263.0, 1481.0 ], [ 1264.0, 1481.0 ], [ 1266.0, 1481.0 ], [ 1267.0, 1481.0 ], [ 1269.0, 1481.0 ], [ 1270.0, 1481.0 ], [ 1272.0, 1481.0 ], [ 1272.0, 1480.0 ], [ 1272.0, 1478.0 ], [ 1272.0, 1477.0 ], [ 1272.0, 1475.0 ], [ 1272.0, 1474.0 ], [ 1272.0, 1472.0 ], [ 1272.0, 1471.0 ], [ 1272.0, 1469.0 ], [ 1272.0, 1468.0 ], [ 1272.0, 1466.0 ], [ 1272.0, 1465.0 ], [ 1272.0, 1463.0 ], [ 1272.0, 1462.0 ], [ 1272.0, 1460.0 ], [ 1272.0, 1459.0 ], [ 1272.0, 1457.0 ], [ 1272.0, 1456.0 ], [ 1272.0, 1454.0 ], [ 1272.0, 1453.0 ], [ 1272.0, 1451.0 ], [ 1270.0, 1450.0 ], [ 1269.0, 1450.0 ], [ 1267.0, 1450.0 ], [ 1266.0, 1450.0 ], [ 1264.0, 1450.0 ], [ 1263.0, 1450.0 ], [ 1262.0, 1450.0 ], [ 1260.0, 1450.0 ], [ 1259.0, 1450.0 ], [ 1257.0, 1448.0 ], [ 1257.0, 1447.0 ], [ 1257.0, 1445.0 ], [ 1257.0, 1444.0 ], [ 1257.0, 1442.0 ], [ 1257.0, 1441.0 ], [ 1257.0, 1439.0 ], [ 1257.0, 1438.0 ], [ 1257.0, 1436.0 ], [ 1257.0, 1435.0 ], [ 1257.0, 1434.0 ], [ 1259.0, 1432.0 ], [ 1260.0, 1432.0 ], [ 1262.0, 1432.0 ], [ 1263.0, 1432.0 ], [ 1264.0, 1432.0 ], [ 1266.0, 1432.0 ], [ 1267.0, 1432.0 ], [ 1269.0, 1432.0 ], [ 1270.0, 1432.0 ], [ 1272.0, 1432.0 ], [ 1273.0, 1432.0 ], [ 1275.0, 1432.0 ], [ 1276.0, 1432.0 ], [ 1278.0, 1432.0 ], [ 1279.0, 1432.0 ], [ 1281.0, 1432.0 ], [ 1282.0, 1432.0 ], [ 1284.0, 1432.0 ], [ 1285.0, 1432.0 ], [ 1287.0, 1432.0 ], [ 1288.0, 1432.0 ], [ 1288.0, 1431.0 ], [ 1288.0, 1429.0 ], [ 1288.0, 1428.0 ], [ 1288.0, 1426.0 ], [ 1288.0, 1425.0 ], [ 1288.0, 1423.0 ], [ 1288.0, 1422.0 ], [ 1288.0, 1420.0 ], [ 1288.0, 1419.0 ], [ 1288.0, 1417.0 ], [ 1288.0, 1416.0 ], [ 1288.0, 1414.0 ], [ 1288.0, 1413.0 ], [ 1288.0, 1411.0 ], [ 1288.0, 1410.0 ], [ 1288.0, 1408.0 ], [ 1288.0, 1407.0 ], [ 1288.0, 1405.0 ], [ 1288.0, 1404.0 ], [ 1288.0, 1402.0 ], [ 1288.0, 1401.0 ], [ 1288.0, 1399.0 ], [ 1288.0, 1398.0 ], [ 1288.0, 1396.0 ], [ 1288.0, 1395.0 ], [ 1288.0, 1393.0 ], [ 1288.0, 1392.0 ], [ 1288.0, 1391.0 ], [ 1288.0, 1389.0 ], [ 1288.0, 1388.0 ], [ 1288.0, 1386.0 ], [ 1287.0, 1386.0 ], [ 1285.0, 1386.0 ], [ 1284.0, 1386.0 ], [ 1282.0, 1386.0 ], [ 1281.0, 1386.0 ], [ 1279.0, 1386.0 ], [ 1278.0, 1386.0 ], [ 1276.0, 1386.0 ], [ 1275.0, 1386.0 ], [ 1273.0, 1386.0 ], [ 1272.0, 1386.0 ], [ 1270.0, 1386.0 ], [ 1269.0, 1386.0 ], [ 1267.0, 1386.0 ], [ 1266.0, 1386.0 ], [ 1264.0, 1386.0 ], [ 1263.0, 1386.0 ], [ 1262.0, 1386.0 ], [ 1260.0, 1386.0 ], [ 1259.0, 1386.0 ], [ 1257.0, 1385.0 ], [ 1257.0, 1383.0 ], [ 1257.0, 1382.0 ], [ 1257.0, 1380.0 ], [ 1257.0, 1379.0 ], [ 1257.0, 1377.0 ], [ 1257.0, 1376.0 ], [ 1257.0, 1374.0 ], [ 1257.0, 1373.0 ], [ 1256.0, 1371.0 ], [ 1256.0, 1370.0 ], [ 1254.0, 1370.0 ], [ 1253.0, 1370.0 ], [ 1251.0, 1370.0 ], [ 1250.0, 1370.0 ], [ 1248.0, 1370.0 ], [ 1247.0, 1370.0 ], [ 1245.0, 1370.0 ], [ 1244.0, 1370.0 ], [ 1242.0, 1370.0 ], [ 1241.0, 1368.0 ], [ 1241.0, 1367.0 ], [ 1241.0, 1365.0 ], [ 1241.0, 1364.0 ], [ 1241.0, 1362.0 ], [ 1241.0, 1361.0 ], [ 1241.0, 1359.0 ], [ 1241.0, 1358.0 ], [ 1241.0, 1356.0 ], [ 1241.0, 1355.0 ], [ 1241.0, 1353.0 ], [ 1241.0, 1352.0 ], [ 1241.0, 1350.0 ], [ 1241.0, 1349.0 ], [ 1241.0, 1348.0 ], [ 1241.0, 1346.0 ], [ 1241.0, 1345.0 ], [ 1241.0, 1343.0 ], [ 1241.0, 1342.0 ], [ 1241.0, 1340.0 ], [ 1241.0, 1339.0 ], [ 1241.0, 1337.0 ], [ 1242.0, 1336.0 ], [ 1244.0, 1337.0 ], [ 1245.0, 1337.0 ], [ 1247.0, 1337.0 ], [ 1248.0, 1337.0 ], [ 1250.0, 1337.0 ], [ 1251.0, 1337.0 ], [ 1253.0, 1337.0 ], [ 1254.0, 1337.0 ], [ 1256.0, 1337.0 ], [ 1257.0, 1337.0 ], [ 1259.0, 1337.0 ], [ 1260.0, 1337.0 ], [ 1262.0, 1337.0 ], [ 1263.0, 1337.0 ], [ 1264.0, 1337.0 ], [ 1266.0, 1337.0 ], [ 1267.0, 1337.0 ], [ 1269.0, 1337.0 ], [ 1270.0, 1337.0 ], [ 1272.0, 1336.0 ], [ 1272.0, 1334.0 ], [ 1272.0, 1333.0 ], [ 1272.0, 1331.0 ], [ 1272.0, 1330.0 ], [ 1272.0, 1328.0 ], [ 1272.0, 1327.0 ], [ 1272.0, 1325.0 ], [ 1272.0, 1324.0 ], [ 1272.0, 1322.0 ], [ 1272.0, 1321.0 ], [ 1272.0, 1319.0 ], [ 1272.0, 1318.0 ], [ 1272.0, 1316.0 ], [ 1272.0, 1315.0 ], [ 1272.0, 1313.0 ], [ 1272.0, 1312.0 ], [ 1272.0, 1310.0 ], [ 1272.0, 1309.0 ], [ 1272.0, 1307.0 ], [ 1272.0, 1306.0 ], [ 1272.0, 1305.0 ], [ 1272.0, 1303.0 ], [ 1272.0, 1302.0 ], [ 1272.0, 1300.0 ], [ 1272.0, 1299.0 ], [ 1272.0, 1297.0 ], [ 1272.0, 1296.0 ], [ 1272.0, 1294.0 ], [ 1272.0, 1293.0 ], [ 1272.0, 1291.0 ], [ 1272.0, 1290.0 ], [ 1272.0, 1288.0 ], [ 1272.0, 1287.0 ], [ 1272.0, 1285.0 ], [ 1272.0, 1284.0 ], [ 1272.0, 1282.0 ], [ 1272.0, 1281.0 ], [ 1272.0, 1279.0 ], [ 1272.0, 1278.0 ], [ 1272.0, 1276.0 ], [ 1272.0, 1275.0 ], [ 1272.0, 1273.0 ], [ 1272.0, 1272.0 ], [ 1272.0, 1270.0 ], [ 1272.0, 1269.0 ], [ 1272.0, 1267.0 ], [ 1272.0, 1266.0 ], [ 1272.0, 1264.0 ], [ 1272.0, 1263.0 ], [ 1272.0, 1262.0 ], [ 1272.0, 1260.0 ], [ 1272.0, 1259.0 ], [ 1272.0, 1257.0 ], [ 1272.0, 1256.0 ], [ 1272.0, 1254.0 ], [ 1272.0, 1253.0 ], [ 1272.0, 1251.0 ], [ 1272.0, 1250.0 ], [ 1272.0, 1248.0 ], [ 1272.0, 1247.0 ], [ 1272.0, 1245.0 ], [ 1272.0, 1244.0 ], [ 1272.0, 1242.0 ], [ 1272.0, 1241.0 ], [ 1272.0, 1239.0 ], [ 1272.0, 1238.0 ], [ 1272.0, 1236.0 ], [ 1272.0, 1235.0 ], [ 1272.0, 1233.0 ], [ 1272.0, 1232.0 ], [ 1272.0, 1230.0 ], [ 1272.0, 1229.0 ], [ 1272.0, 1227.0 ], [ 1272.0, 1226.0 ], [ 1273.0, 1224.0 ], [ 1275.0, 1224.0 ], [ 1276.0, 1224.0 ], [ 1278.0, 1224.0 ], [ 1279.0, 1224.0 ], [ 1281.0, 1224.0 ], [ 1282.0, 1224.0 ], [ 1284.0, 1224.0 ], [ 1285.0, 1224.0 ], [ 1287.0, 1224.0 ], [ 1288.0, 1224.0 ], [ 1288.0, 1223.0 ], [ 1288.0, 1221.0 ], [ 1288.0, 1220.0 ], [ 1288.0, 1218.0 ], [ 1288.0, 1217.0 ], [ 1288.0, 1216.0 ], [ 1288.0, 1214.0 ], [ 1288.0, 1213.0 ], [ 1288.0, 1211.0 ], [ 1288.0, 1210.0 ], [ 1288.0, 1208.0 ], [ 1288.0, 1207.0 ], [ 1288.0, 1205.0 ], [ 1288.0, 1204.0 ], [ 1288.0, 1202.0 ], [ 1288.0, 1201.0 ], [ 1288.0, 1199.0 ], [ 1288.0, 1198.0 ], [ 1288.0, 1196.0 ], [ 1288.0, 1195.0 ], [ 1288.0, 1193.0 ], [ 1290.0, 1192.0 ], [ 1291.0, 1192.0 ], [ 1293.0, 1192.0 ], [ 1294.0, 1192.0 ], [ 1296.0, 1192.0 ], [ 1297.0, 1192.0 ], [ 1299.0, 1192.0 ], [ 1300.0, 1192.0 ], [ 1302.0, 1192.0 ], [ 1303.0, 1192.0 ], [ 1305.0, 1192.0 ], [ 1306.0, 1192.0 ], [ 1307.0, 1192.0 ], [ 1309.0, 1192.0 ], [ 1310.0, 1192.0 ], [ 1312.0, 1192.0 ], [ 1313.0, 1192.0 ], [ 1315.0, 1192.0 ], [ 1316.0, 1192.0 ], [ 1318.0, 1192.0 ], [ 1319.0, 1192.0 ], [ 1321.0, 1192.0 ], [ 1321.0, 1190.0 ], [ 1321.0, 1189.0 ], [ 1321.0, 1187.0 ], [ 1321.0, 1186.0 ], [ 1321.0, 1184.0 ], [ 1321.0, 1183.0 ], [ 1321.0, 1181.0 ], [ 1321.0, 1180.0 ], [ 1321.0, 1178.0 ], [ 1321.0, 1177.0 ], [ 1321.0, 1175.0 ], [ 1321.0, 1174.0 ], [ 1321.0, 1173.0 ], [ 1321.0, 1171.0 ], [ 1321.0, 1170.0 ], [ 1321.0, 1168.0 ], [ 1321.0, 1167.0 ], [ 1321.0, 1165.0 ], [ 1321.0, 1164.0 ], [ 1321.0, 1162.0 ], [ 1322.0, 1161.0 ], [ 1324.0, 1161.0 ], [ 1325.0, 1161.0 ], [ 1327.0, 1161.0 ], [ 1328.0, 1161.0 ], [ 1330.0, 1161.0 ], [ 1331.0, 1161.0 ], [ 1333.0, 1161.0 ], [ 1334.0, 1161.0 ], [ 1336.0, 1161.0 ], [ 1337.0, 1159.0 ], [ 1337.0, 1158.0 ], [ 1337.0, 1156.0 ], [ 1337.0, 1155.0 ], [ 1337.0, 1153.0 ], [ 1337.0, 1152.0 ], [ 1337.0, 1150.0 ], [ 1337.0, 1149.0 ], [ 1337.0, 1147.0 ], [ 1337.0, 1146.0 ], [ 1339.0, 1144.0 ], [ 1340.0, 1144.0 ], [ 1342.0, 1144.0 ], [ 1343.0, 1144.0 ], [ 1345.0, 1144.0 ], [ 1346.0, 1144.0 ], [ 1348.0, 1144.0 ], [ 1349.0, 1144.0 ], [ 1350.0, 1144.0 ], [ 1352.0, 1144.0 ], [ 1353.0, 1144.0 ], [ 1355.0, 1144.0 ], [ 1356.0, 1144.0 ], [ 1358.0, 1144.0 ], [ 1359.0, 1144.0 ], [ 1361.0, 1144.0 ], [ 1362.0, 1144.0 ], [ 1364.0, 1144.0 ], [ 1365.0, 1144.0 ], [ 1367.0, 1144.0 ], [ 1368.0, 1144.0 ], [ 1370.0, 1143.0 ], [ 1371.0, 1144.0 ], [ 1373.0, 1144.0 ], [ 1374.0, 1144.0 ], [ 1376.0, 1144.0 ], [ 1377.0, 1144.0 ], [ 1379.0, 1144.0 ], [ 1380.0, 1144.0 ], [ 1382.0, 1144.0 ], [ 1383.0, 1144.0 ], [ 1385.0, 1144.0 ], [ 1386.0, 1144.0 ], [ 1388.0, 1144.0 ], [ 1389.0, 1144.0 ], [ 1391.0, 1144.0 ], [ 1392.0, 1144.0 ], [ 1393.0, 1144.0 ], [ 1395.0, 1144.0 ], [ 1396.0, 1144.0 ], [ 1398.0, 1144.0 ], [ 1399.0, 1144.0 ], [ 1401.0, 1144.0 ], [ 1402.0, 1144.0 ], [ 1404.0, 1144.0 ], [ 1405.0, 1144.0 ], [ 1407.0, 1144.0 ], [ 1408.0, 1144.0 ], [ 1410.0, 1144.0 ], [ 1411.0, 1144.0 ], [ 1413.0, 1144.0 ], [ 1414.0, 1144.0 ], [ 1416.0, 1144.0 ], [ 1417.0, 1143.0 ], [ 1417.0, 1141.0 ], [ 1417.0, 1140.0 ], [ 1417.0, 1138.0 ], [ 1417.0, 1137.0 ], [ 1417.0, 1135.0 ], [ 1417.0, 1134.0 ], [ 1417.0, 1132.0 ], [ 1417.0, 1131.0 ], [ 1417.0, 1130.0 ], [ 1417.0, 1128.0 ], [ 1417.0, 1127.0 ], [ 1417.0, 1125.0 ], [ 1417.0, 1124.0 ], [ 1417.0, 1122.0 ], [ 1417.0, 1121.0 ], [ 1417.0, 1119.0 ], [ 1417.0, 1118.0 ], [ 1417.0, 1116.0 ], [ 1417.0, 1115.0 ], [ 1417.0, 1113.0 ], [ 1417.0, 1112.0 ], [ 1417.0, 1110.0 ], [ 1417.0, 1109.0 ], [ 1417.0, 1107.0 ], [ 1417.0, 1106.0 ], [ 1417.0, 1104.0 ], [ 1417.0, 1103.0 ], [ 1417.0, 1101.0 ], [ 1417.0, 1100.0 ], [ 1417.0, 1098.0 ], [ 1417.0, 1097.0 ], [ 1419.0, 1095.0 ], [ 1420.0, 1095.0 ], [ 1422.0, 1095.0 ], [ 1423.0, 1095.0 ], [ 1425.0, 1095.0 ], [ 1426.0, 1095.0 ], [ 1428.0, 1095.0 ], [ 1429.0, 1095.0 ], [ 1431.0, 1095.0 ], [ 1432.0, 1095.0 ], [ 1432.0, 1094.0 ], [ 1434.0, 1092.0 ], [ 1434.0, 1091.0 ], [ 1434.0, 1089.0 ], [ 1434.0, 1088.0 ], [ 1434.0, 1087.0 ], [ 1434.0, 1085.0 ], [ 1434.0, 1084.0 ], [ 1434.0, 1082.0 ], [ 1434.0, 1081.0 ], [ 1434.0, 1079.0 ], [ 1434.0, 1078.0 ], [ 1434.0, 1076.0 ], [ 1434.0, 1075.0 ], [ 1434.0, 1073.0 ], [ 1434.0, 1072.0 ], [ 1434.0, 1070.0 ], [ 1434.0, 1069.0 ], [ 1434.0, 1067.0 ], [ 1434.0, 1066.0 ], [ 1434.0, 1064.0 ], [ 1434.0, 1063.0 ], [ 1434.0, 1061.0 ], [ 1434.0, 1060.0 ], [ 1434.0, 1058.0 ], [ 1434.0, 1057.0 ], [ 1434.0, 1055.0 ], [ 1434.0, 1054.0 ], [ 1432.0, 1052.0 ], [ 1432.0, 1051.0 ], [ 1432.0, 1049.0 ], [ 1431.0, 1049.0 ], [ 1429.0, 1049.0 ], [ 1428.0, 1049.0 ], [ 1426.0, 1049.0 ], [ 1425.0, 1049.0 ], [ 1423.0, 1049.0 ], [ 1422.0, 1049.0 ], [ 1420.0, 1049.0 ], [ 1419.0, 1049.0 ], [ 1417.0, 1049.0 ], [ 1416.0, 1049.0 ], [ 1414.0, 1049.0 ], [ 1413.0, 1049.0 ], [ 1411.0, 1049.0 ], [ 1410.0, 1049.0 ], [ 1408.0, 1049.0 ], [ 1407.0, 1049.0 ], [ 1405.0, 1049.0 ], [ 1404.0, 1049.0 ], [ 1402.0, 1049.0 ], [ 1401.0, 1048.0 ], [ 1401.0, 1046.0 ], [ 1401.0, 1045.0 ], [ 1401.0, 1044.0 ], [ 1401.0, 1042.0 ], [ 1401.0, 1041.0 ], [ 1401.0, 1039.0 ], [ 1401.0, 1038.0 ], [ 1401.0, 1036.0 ], [ 1401.0, 1035.0 ], [ 1401.0, 1033.0 ], [ 1402.0, 1032.0 ], [ 1404.0, 1032.0 ], [ 1405.0, 1032.0 ], [ 1407.0, 1032.0 ], [ 1408.0, 1032.0 ], [ 1410.0, 1032.0 ], [ 1411.0, 1032.0 ], [ 1413.0, 1032.0 ], [ 1414.0, 1032.0 ], [ 1416.0, 1032.0 ], [ 1417.0, 1030.0 ], [ 1417.0, 1029.0 ], [ 1417.0, 1027.0 ], [ 1417.0, 1026.0 ], [ 1417.0, 1024.0 ], [ 1417.0, 1023.0 ], [ 1417.0, 1021.0 ], [ 1417.0, 1020.0 ], [ 1417.0, 1018.0 ], [ 1417.0, 1017.0 ], [ 1419.0, 1015.0 ], [ 1420.0, 1015.0 ], [ 1422.0, 1015.0 ], [ 1423.0, 1015.0 ], [ 1425.0, 1015.0 ], [ 1426.0, 1015.0 ], [ 1428.0, 1015.0 ], [ 1429.0, 1015.0 ], [ 1431.0, 1015.0 ], [ 1432.0, 1015.0 ], [ 1432.0, 1014.0 ], [ 1434.0, 1012.0 ], [ 1434.0, 1011.0 ], [ 1434.0, 1009.0 ], [ 1434.0, 1008.0 ], [ 1434.0, 1006.0 ], [ 1434.0, 1005.0 ], [ 1434.0, 1003.0 ], [ 1434.0, 1002.0 ], [ 1435.0, 1001.0 ], [ 1436.0, 1001.0 ], [ 1438.0, 1001.0 ], [ 1439.0, 1001.0 ], [ 1441.0, 1001.0 ], [ 1442.0, 1001.0 ], [ 1444.0, 1001.0 ], [ 1445.0, 1001.0 ], [ 1447.0, 1001.0 ], [ 1448.0, 999.0 ], [ 1448.0, 998.0 ], [ 1448.0, 996.0 ], [ 1448.0, 995.0 ], [ 1448.0, 993.0 ], [ 1448.0, 992.0 ], [ 1448.0, 990.0 ], [ 1448.0, 989.0 ], [ 1448.0, 987.0 ], [ 1448.0, 986.0 ], [ 1450.0, 984.0 ], [ 1451.0, 984.0 ], [ 1453.0, 984.0 ], [ 1454.0, 984.0 ], [ 1456.0, 984.0 ], [ 1457.0, 984.0 ], [ 1459.0, 984.0 ], [ 1460.0, 984.0 ], [ 1462.0, 984.0 ], [ 1463.0, 984.0 ], [ 1465.0, 984.0 ], [ 1466.0, 984.0 ], [ 1468.0, 984.0 ], [ 1469.0, 984.0 ], [ 1471.0, 984.0 ], [ 1472.0, 984.0 ], [ 1474.0, 984.0 ], [ 1475.0, 984.0 ], [ 1477.0, 984.0 ], [ 1478.0, 984.0 ], [ 1480.0, 984.0 ], [ 1481.0, 983.0 ], [ 1481.0, 981.0 ], [ 1481.0, 980.0 ], [ 1481.0, 978.0 ], [ 1481.0, 977.0 ], [ 1481.0, 975.0 ], [ 1481.0, 974.0 ], [ 1481.0, 972.0 ], [ 1481.0, 971.0 ], [ 1481.0, 969.0 ], [ 1482.0, 968.0 ], [ 1484.0, 968.0 ], [ 1485.0, 968.0 ], [ 1487.0, 968.0 ], [ 1488.0, 968.0 ], [ 1490.0, 968.0 ], [ 1491.0, 968.0 ], [ 1493.0, 968.0 ], [ 1494.0, 968.0 ], [ 1496.0, 968.0 ], [ 1497.0, 966.0 ], [ 1497.0, 965.0 ], [ 1497.0, 963.0 ], [ 1497.0, 962.0 ], [ 1497.0, 960.0 ], [ 1497.0, 959.0 ], [ 1497.0, 957.0 ], [ 1497.0, 956.0 ], [ 1497.0, 955.0 ], [ 1497.0, 953.0 ], [ 1497.0, 952.0 ], [ 1497.0, 950.0 ], [ 1497.0, 949.0 ], [ 1497.0, 947.0 ], [ 1497.0, 946.0 ], [ 1497.0, 944.0 ], [ 1497.0, 943.0 ], [ 1497.0, 941.0 ], [ 1497.0, 940.0 ], [ 1497.0, 938.0 ], [ 1497.0, 937.0 ], [ 1499.0, 935.0 ], [ 1500.0, 935.0 ], [ 1502.0, 935.0 ], [ 1503.0, 935.0 ], [ 1505.0, 935.0 ], [ 1506.0, 935.0 ], [ 1508.0, 935.0 ], [ 1509.0, 935.0 ], [ 1511.0, 935.0 ], [ 1512.0, 935.0 ], [ 1514.0, 934.0 ], [ 1514.0, 932.0 ], [ 1514.0, 931.0 ], [ 1514.0, 929.0 ], [ 1514.0, 928.0 ], [ 1514.0, 926.0 ], [ 1514.0, 925.0 ], [ 1514.0, 923.0 ], [ 1514.0, 922.0 ], [ 1514.0, 920.0 ], [ 1515.0, 919.0 ], [ 1517.0, 919.0 ], [ 1518.0, 920.0 ], [ 1520.0, 920.0 ], [ 1521.0, 920.0 ], [ 1523.0, 920.0 ], [ 1524.0, 920.0 ], [ 1525.0, 920.0 ], [ 1527.0, 920.0 ], [ 1528.0, 920.0 ], [ 1530.0, 920.0 ], [ 1531.0, 920.0 ], [ 1533.0, 920.0 ], [ 1534.0, 920.0 ], [ 1536.0, 920.0 ], [ 1537.0, 920.0 ], [ 1539.0, 920.0 ], [ 1540.0, 920.0 ], [ 1542.0, 920.0 ], [ 1543.0, 919.0 ], [ 1545.0, 919.0 ], [ 1545.0, 917.0 ], [ 1545.0, 916.0 ], [ 1545.0, 914.0 ], [ 1545.0, 913.0 ], [ 1545.0, 912.0 ], [ 1545.0, 910.0 ], [ 1545.0, 909.0 ], [ 1545.0, 907.0 ], [ 1545.0, 906.0 ], [ 1546.0, 904.0 ], [ 1548.0, 904.0 ], [ 1549.0, 904.0 ], [ 1551.0, 904.0 ], [ 1552.0, 904.0 ], [ 1554.0, 904.0 ], [ 1555.0, 904.0 ], [ 1557.0, 904.0 ], [ 1558.0, 904.0 ], [ 1560.0, 904.0 ], [ 1561.0, 904.0 ], [ 1563.0, 904.0 ], [ 1564.0, 904.0 ], [ 1566.0, 904.0 ], [ 1567.0, 904.0 ], [ 1568.0, 904.0 ], [ 1570.0, 904.0 ], [ 1571.0, 904.0 ], [ 1573.0, 904.0 ], [ 1574.0, 904.0 ], [ 1576.0, 904.0 ], [ 1577.0, 904.0 ], [ 1579.0, 904.0 ], [ 1580.0, 904.0 ], [ 1582.0, 904.0 ], [ 1583.0, 904.0 ], [ 1585.0, 904.0 ], [ 1586.0, 904.0 ], [ 1588.0, 904.0 ], [ 1589.0, 904.0 ], [ 1591.0, 904.0 ], [ 1592.0, 904.0 ], [ 1594.0, 903.0 ], [ 1594.0, 901.0 ], [ 1594.0, 900.0 ], [ 1594.0, 898.0 ], [ 1594.0, 897.0 ], [ 1594.0, 895.0 ], [ 1594.0, 894.0 ], [ 1594.0, 892.0 ], [ 1594.0, 891.0 ], [ 1594.0, 889.0 ], [ 1594.0, 888.0 ], [ 1594.0, 886.0 ], [ 1594.0, 885.0 ], [ 1594.0, 883.0 ], [ 1594.0, 882.0 ], [ 1594.0, 880.0 ], [ 1594.0, 879.0 ], [ 1594.0, 877.0 ], [ 1594.0, 876.0 ], [ 1594.0, 874.0 ], [ 1594.0, 873.0 ], [ 1594.0, 871.0 ], [ 1594.0, 870.0 ], [ 1594.0, 869.0 ], [ 1594.0, 867.0 ], [ 1594.0, 866.0 ], [ 1594.0, 864.0 ], [ 1594.0, 863.0 ], [ 1594.0, 861.0 ], [ 1594.0, 860.0 ], [ 1594.0, 858.0 ], [ 1594.0, 857.0 ], [ 1594.0, 855.0 ], [ 1594.0, 854.0 ], [ 1594.0, 852.0 ], [ 1594.0, 851.0 ], [ 1594.0, 849.0 ], [ 1594.0, 848.0 ], [ 1594.0, 846.0 ], [ 1594.0, 845.0 ], [ 1594.0, 843.0 ], [ 1594.0, 842.0 ], [ 1592.0, 842.0 ], [ 1591.0, 842.0 ], [ 1589.0, 842.0 ], [ 1588.0, 842.0 ], [ 1586.0, 842.0 ], [ 1585.0, 842.0 ], [ 1583.0, 842.0 ], [ 1582.0, 842.0 ], [ 1580.0, 842.0 ], [ 1579.0, 842.0 ], [ 1577.0, 840.0 ], [ 1579.0, 839.0 ], [ 1580.0, 839.0 ], [ 1582.0, 839.0 ], [ 1583.0, 839.0 ], [ 1585.0, 839.0 ], [ 1586.0, 839.0 ], [ 1588.0, 839.0 ], [ 1589.0, 839.0 ], [ 1591.0, 839.0 ], [ 1592.0, 839.0 ], [ 1594.0, 839.0 ], [ 1595.0, 839.0 ], [ 1597.0, 839.0 ], [ 1598.0, 839.0 ], [ 1600.0, 839.0 ], [ 1601.0, 839.0 ], [ 1603.0, 839.0 ], [ 1604.0, 839.0 ], [ 1606.0, 839.0 ], [ 1607.0, 839.0 ], [ 1609.0, 839.0 ], [ 1609.0, 837.0 ], [ 1609.0, 836.0 ], [ 1609.0, 834.0 ], [ 1609.0, 833.0 ], [ 1609.0, 831.0 ], [ 1609.0, 830.0 ], [ 1609.0, 828.0 ], [ 1609.0, 827.0 ], [ 1609.0, 826.0 ], [ 1609.0, 824.0 ], [ 1609.0, 823.0 ], [ 1609.0, 821.0 ], [ 1609.0, 820.0 ], [ 1609.0, 818.0 ], [ 1609.0, 817.0 ], [ 1609.0, 815.0 ], [ 1609.0, 814.0 ], [ 1609.0, 812.0 ], [ 1609.0, 811.0 ], [ 1609.0, 809.0 ], [ 1609.0, 808.0 ], [ 1609.0, 806.0 ], [ 1609.0, 805.0 ], [ 1609.0, 803.0 ], [ 1609.0, 802.0 ], [ 1609.0, 800.0 ], [ 1609.0, 799.0 ], [ 1609.0, 797.0 ], [ 1609.0, 796.0 ], [ 1609.0, 794.0 ], [ 1609.0, 793.0 ], [ 1610.0, 791.0 ], [ 1611.0, 791.0 ], [ 1613.0, 791.0 ], [ 1614.0, 791.0 ], [ 1616.0, 791.0 ], [ 1617.0, 791.0 ], [ 1619.0, 791.0 ], [ 1620.0, 791.0 ], [ 1622.0, 791.0 ], [ 1623.0, 791.0 ], [ 1625.0, 791.0 ], [ 1625.0, 790.0 ], [ 1625.0, 788.0 ], [ 1625.0, 787.0 ], [ 1625.0, 785.0 ], [ 1625.0, 784.0 ], [ 1625.0, 783.0 ], [ 1625.0, 781.0 ], [ 1625.0, 780.0 ], [ 1625.0, 778.0 ], [ 1625.0, 777.0 ], [ 1625.0, 775.0 ], [ 1625.0, 774.0 ], [ 1625.0, 772.0 ], [ 1625.0, 771.0 ], [ 1625.0, 769.0 ], [ 1625.0, 768.0 ], [ 1625.0, 766.0 ], [ 1625.0, 765.0 ], [ 1625.0, 763.0 ], [ 1625.0, 762.0 ], [ 1625.0, 760.0 ], [ 1625.0, 759.0 ], [ 1625.0, 757.0 ], [ 1625.0, 756.0 ], [ 1625.0, 754.0 ], [ 1625.0, 753.0 ], [ 1625.0, 751.0 ], [ 1625.0, 750.0 ], [ 1625.0, 748.0 ], [ 1625.0, 747.0 ], [ 1625.0, 745.0 ], [ 1625.0, 744.0 ], [ 1625.0, 742.0 ], [ 1625.0, 741.0 ], [ 1625.0, 740.0 ], [ 1625.0, 738.0 ], [ 1625.0, 737.0 ], [ 1625.0, 735.0 ], [ 1625.0, 734.0 ], [ 1625.0, 732.0 ], [ 1625.0, 731.0 ], [ 1625.0, 729.0 ], [ 1623.0, 729.0 ], [ 1622.0, 729.0 ], [ 1620.0, 729.0 ], [ 1619.0, 729.0 ], [ 1617.0, 729.0 ], [ 1616.0, 729.0 ], [ 1614.0, 729.0 ], [ 1613.0, 729.0 ], [ 1611.0, 729.0 ], [ 1610.0, 729.0 ], [ 1609.0, 728.0 ], [ 1609.0, 726.0 ], [ 1609.0, 725.0 ], [ 1609.0, 723.0 ], [ 1609.0, 722.0 ], [ 1609.0, 720.0 ], [ 1609.0, 719.0 ], [ 1609.0, 717.0 ], [ 1609.0, 716.0 ], [ 1609.0, 714.0 ], [ 1609.0, 713.0 ], [ 1609.0, 711.0 ], [ 1609.0, 710.0 ], [ 1609.0, 708.0 ], [ 1609.0, 707.0 ], [ 1609.0, 705.0 ], [ 1609.0, 704.0 ], [ 1609.0, 702.0 ], [ 1609.0, 701.0 ], [ 1609.0, 699.0 ], [ 1609.0, 698.0 ], [ 1609.0, 696.0 ], [ 1609.0, 695.0 ], [ 1609.0, 694.0 ], [ 1609.0, 692.0 ], [ 1609.0, 691.0 ], [ 1609.0, 689.0 ], [ 1609.0, 688.0 ], [ 1609.0, 686.0 ], [ 1609.0, 685.0 ], [ 1609.0, 683.0 ], [ 1609.0, 682.0 ], [ 1607.0, 682.0 ], [ 1606.0, 680.0 ], [ 1604.0, 680.0 ], [ 1603.0, 680.0 ], [ 1601.0, 680.0 ], [ 1600.0, 680.0 ], [ 1598.0, 680.0 ], [ 1597.0, 680.0 ], [ 1595.0, 680.0 ], [ 1594.0, 679.0 ], [ 1594.0, 677.0 ], [ 1594.0, 676.0 ], [ 1594.0, 674.0 ], [ 1594.0, 673.0 ], [ 1594.0, 671.0 ], [ 1594.0, 670.0 ], [ 1594.0, 668.0 ], [ 1594.0, 667.0 ], [ 1594.0, 665.0 ], [ 1592.0, 665.0 ], [ 1591.0, 665.0 ], [ 1589.0, 665.0 ], [ 1588.0, 665.0 ], [ 1586.0, 665.0 ], [ 1585.0, 665.0 ], [ 1583.0, 665.0 ], [ 1582.0, 665.0 ], [ 1580.0, 665.0 ], [ 1579.0, 665.0 ], [ 1577.0, 665.0 ], [ 1576.0, 665.0 ], [ 1574.0, 665.0 ], [ 1573.0, 664.0 ], [ 1574.0, 662.0 ], [ 1576.0, 662.0 ], [ 1577.0, 662.0 ], [ 1577.0, 661.0 ], [ 1577.0, 659.0 ], [ 1577.0, 658.0 ], [ 1577.0, 656.0 ], [ 1577.0, 655.0 ], [ 1577.0, 653.0 ], [ 1577.0, 652.0 ], [ 1577.0, 651.0 ], [ 1577.0, 649.0 ], [ 1579.0, 648.0 ], [ 1580.0, 648.0 ], [ 1582.0, 648.0 ], [ 1583.0, 648.0 ], [ 1585.0, 648.0 ], [ 1586.0, 648.0 ], [ 1588.0, 648.0 ], [ 1589.0, 648.0 ], [ 1591.0, 648.0 ], [ 1592.0, 648.0 ], [ 1594.0, 646.0 ], [ 1594.0, 645.0 ], [ 1594.0, 643.0 ], [ 1594.0, 642.0 ], [ 1594.0, 640.0 ], [ 1594.0, 639.0 ], [ 1594.0, 637.0 ], [ 1594.0, 636.0 ], [ 1594.0, 634.0 ], [ 1594.0, 633.0 ], [ 1594.0, 631.0 ], [ 1594.0, 630.0 ], [ 1594.0, 628.0 ], [ 1594.0, 627.0 ], [ 1594.0, 625.0 ], [ 1594.0, 624.0 ], [ 1594.0, 622.0 ], [ 1594.0, 621.0 ], [ 1594.0, 619.0 ], [ 1594.0, 618.0 ], [ 1594.0, 616.0 ], [ 1594.0, 615.0 ], [ 1594.0, 613.0 ], [ 1594.0, 612.0 ], [ 1594.0, 610.0 ], [ 1594.0, 609.0 ], [ 1594.0, 608.0 ], [ 1594.0, 606.0 ], [ 1594.0, 605.0 ], [ 1594.0, 603.0 ], [ 1594.0, 602.0 ], [ 1592.0, 602.0 ], [ 1591.0, 600.0 ], [ 1589.0, 600.0 ], [ 1588.0, 600.0 ], [ 1586.0, 600.0 ], [ 1585.0, 600.0 ], [ 1583.0, 600.0 ], [ 1582.0, 600.0 ], [ 1580.0, 600.0 ], [ 1579.0, 600.0 ], [ 1577.0, 600.0 ], [ 1576.0, 600.0 ], [ 1574.0, 600.0 ], [ 1573.0, 600.0 ], [ 1571.0, 600.0 ], [ 1570.0, 600.0 ], [ 1568.0, 600.0 ], [ 1567.0, 600.0 ], [ 1566.0, 600.0 ], [ 1564.0, 600.0 ], [ 1563.0, 600.0 ], [ 1561.0, 600.0 ], [ 1560.0, 600.0 ], [ 1558.0, 600.0 ], [ 1557.0, 600.0 ], [ 1555.0, 600.0 ], [ 1554.0, 600.0 ], [ 1552.0, 600.0 ], [ 1551.0, 600.0 ], [ 1549.0, 600.0 ], [ 1548.0, 602.0 ], [ 1546.0, 602.0 ], [ 1545.0, 600.0 ], [ 1545.0, 599.0 ], [ 1545.0, 597.0 ], [ 1545.0, 596.0 ], [ 1545.0, 594.0 ], [ 1545.0, 593.0 ], [ 1545.0, 591.0 ], [ 1545.0, 590.0 ], [ 1545.0, 588.0 ], [ 1545.0, 587.0 ], [ 1545.0, 585.0 ], [ 1545.0, 584.0 ], [ 1545.0, 582.0 ], [ 1545.0, 581.0 ], [ 1545.0, 579.0 ], [ 1545.0, 578.0 ], [ 1545.0, 576.0 ], [ 1545.0, 575.0 ], [ 1545.0, 573.0 ], [ 1545.0, 572.0 ], [ 1545.0, 570.0 ], [ 1545.0, 569.0 ], [ 1545.0, 567.0 ], [ 1545.0, 566.0 ], [ 1545.0, 565.0 ], [ 1545.0, 563.0 ], [ 1545.0, 562.0 ], [ 1545.0, 560.0 ], [ 1545.0, 559.0 ], [ 1545.0, 557.0 ], [ 1545.0, 556.0 ], [ 1545.0, 554.0 ], [ 1545.0, 553.0 ], [ 1545.0, 551.0 ], [ 1545.0, 550.0 ], [ 1545.0, 548.0 ], [ 1545.0, 547.0 ], [ 1545.0, 545.0 ], [ 1545.0, 544.0 ], [ 1545.0, 542.0 ], [ 1545.0, 541.0 ], [ 1545.0, 539.0 ], [ 1545.0, 538.0 ], [ 1545.0, 536.0 ], [ 1545.0, 535.0 ], [ 1545.0, 533.0 ], [ 1545.0, 532.0 ], [ 1545.0, 530.0 ], [ 1545.0, 529.0 ], [ 1545.0, 527.0 ], [ 1545.0, 526.0 ], [ 1545.0, 524.0 ], [ 1545.0, 523.0 ], [ 1545.0, 522.0 ], [ 1545.0, 520.0 ], [ 1545.0, 519.0 ], [ 1545.0, 517.0 ], [ 1545.0, 516.0 ], [ 1545.0, 514.0 ], [ 1545.0, 513.0 ], [ 1545.0, 511.0 ], [ 1545.0, 510.0 ], [ 1545.0, 508.0 ], [ 1545.0, 507.0 ], [ 1545.0, 505.0 ], [ 1543.0, 505.0 ], [ 1542.0, 505.0 ], [ 1540.0, 505.0 ], [ 1539.0, 505.0 ], [ 1537.0, 505.0 ], [ 1536.0, 505.0 ], [ 1534.0, 505.0 ], [ 1533.0, 505.0 ], [ 1531.0, 505.0 ], [ 1530.0, 505.0 ], [ 1528.0, 504.0 ], [ 1528.0, 502.0 ], [ 1528.0, 501.0 ], [ 1528.0, 499.0 ], [ 1528.0, 498.0 ], [ 1528.0, 496.0 ], [ 1528.0, 495.0 ], [ 1528.0, 493.0 ], [ 1528.0, 492.0 ], [ 1528.0, 490.0 ], [ 1528.0, 489.0 ], [ 1527.0, 489.0 ], [ 1525.0, 489.0 ], [ 1524.0, 489.0 ], [ 1523.0, 489.0 ], [ 1521.0, 489.0 ], [ 1520.0, 489.0 ], [ 1518.0, 489.0 ], [ 1517.0, 489.0 ], [ 1515.0, 489.0 ], [ 1514.0, 487.0 ], [ 1514.0, 486.0 ], [ 1514.0, 484.0 ], [ 1514.0, 483.0 ], [ 1514.0, 481.0 ], [ 1514.0, 480.0 ], [ 1514.0, 478.0 ], [ 1514.0, 477.0 ], [ 1514.0, 476.0 ], [ 1514.0, 474.0 ], [ 1514.0, 473.0 ], [ 1514.0, 471.0 ], [ 1514.0, 470.0 ], [ 1514.0, 468.0 ], [ 1514.0, 467.0 ], [ 1514.0, 465.0 ], [ 1514.0, 464.0 ], [ 1514.0, 462.0 ], [ 1514.0, 461.0 ], [ 1514.0, 459.0 ], [ 1514.0, 458.0 ], [ 1512.0, 456.0 ], [ 1511.0, 456.0 ], [ 1509.0, 456.0 ], [ 1508.0, 456.0 ], [ 1506.0, 456.0 ], [ 1505.0, 456.0 ], [ 1503.0, 456.0 ], [ 1502.0, 456.0 ], [ 1500.0, 456.0 ], [ 1499.0, 456.0 ], [ 1497.0, 456.0 ], [ 1496.0, 456.0 ], [ 1494.0, 456.0 ], [ 1493.0, 456.0 ], [ 1491.0, 456.0 ], [ 1490.0, 456.0 ], [ 1488.0, 456.0 ], [ 1487.0, 456.0 ], [ 1485.0, 456.0 ], [ 1484.0, 456.0 ], [ 1482.0, 456.0 ], [ 1481.0, 456.0 ], [ 1480.0, 456.0 ], [ 1478.0, 456.0 ], [ 1477.0, 456.0 ], [ 1475.0, 456.0 ], [ 1474.0, 456.0 ], [ 1472.0, 456.0 ], [ 1471.0, 456.0 ], [ 1469.0, 456.0 ], [ 1468.0, 456.0 ], [ 1466.0, 456.0 ], [ 1465.0, 456.0 ], [ 1463.0, 456.0 ], [ 1462.0, 456.0 ], [ 1460.0, 456.0 ], [ 1459.0, 456.0 ], [ 1457.0, 456.0 ], [ 1456.0, 456.0 ], [ 1454.0, 456.0 ], [ 1453.0, 456.0 ], [ 1451.0, 456.0 ], [ 1451.0, 458.0 ], [ 1451.0, 459.0 ], [ 1450.0, 461.0 ], [ 1450.0, 462.0 ], [ 1450.0, 464.0 ], [ 1450.0, 465.0 ], [ 1450.0, 467.0 ], [ 1450.0, 468.0 ], [ 1450.0, 470.0 ], [ 1450.0, 471.0 ], [ 1448.0, 473.0 ], [ 1447.0, 473.0 ], [ 1445.0, 473.0 ], [ 1444.0, 473.0 ], [ 1442.0, 473.0 ], [ 1441.0, 473.0 ], [ 1439.0, 473.0 ], [ 1438.0, 473.0 ], [ 1436.0, 473.0 ], [ 1435.0, 473.0 ], [ 1434.0, 473.0 ], [ 1432.0, 473.0 ], [ 1431.0, 473.0 ], [ 1429.0, 473.0 ], [ 1428.0, 473.0 ], [ 1426.0, 473.0 ], [ 1425.0, 473.0 ], [ 1423.0, 473.0 ], [ 1422.0, 473.0 ], [ 1420.0, 473.0 ], [ 1419.0, 473.0 ], [ 1419.0, 474.0 ], [ 1419.0, 476.0 ], [ 1419.0, 477.0 ], [ 1419.0, 478.0 ], [ 1419.0, 480.0 ], [ 1419.0, 481.0 ], [ 1419.0, 483.0 ], [ 1419.0, 484.0 ], [ 1419.0, 486.0 ], [ 1419.0, 487.0 ], [ 1419.0, 489.0 ], [ 1419.0, 490.0 ], [ 1419.0, 492.0 ], [ 1419.0, 493.0 ], [ 1419.0, 495.0 ], [ 1419.0, 496.0 ], [ 1419.0, 498.0 ], [ 1419.0, 499.0 ], [ 1419.0, 501.0 ], [ 1419.0, 502.0 ], [ 1419.0, 504.0 ], [ 1419.0, 505.0 ], [ 1419.0, 507.0 ], [ 1419.0, 508.0 ], [ 1419.0, 510.0 ], [ 1419.0, 511.0 ], [ 1419.0, 513.0 ], [ 1419.0, 514.0 ], [ 1419.0, 516.0 ], [ 1419.0, 517.0 ], [ 1419.0, 519.0 ], [ 1420.0, 519.0 ], [ 1422.0, 519.0 ], [ 1423.0, 519.0 ], [ 1425.0, 519.0 ], [ 1426.0, 519.0 ], [ 1428.0, 519.0 ], [ 1429.0, 519.0 ], [ 1431.0, 519.0 ], [ 1432.0, 519.0 ], [ 1434.0, 519.0 ], [ 1435.0, 519.0 ], [ 1436.0, 519.0 ], [ 1438.0, 519.0 ], [ 1439.0, 519.0 ], [ 1441.0, 519.0 ], [ 1442.0, 519.0 ], [ 1444.0, 519.0 ], [ 1445.0, 519.0 ], [ 1447.0, 519.0 ], [ 1448.0, 519.0 ], [ 1450.0, 519.0 ], [ 1451.0, 519.0 ], [ 1453.0, 520.0 ], [ 1451.0, 522.0 ], [ 1451.0, 523.0 ], [ 1450.0, 524.0 ], [ 1450.0, 526.0 ], [ 1450.0, 527.0 ], [ 1450.0, 529.0 ], [ 1450.0, 530.0 ], [ 1450.0, 532.0 ], [ 1450.0, 533.0 ], [ 1450.0, 535.0 ], [ 1448.0, 536.0 ], [ 1447.0, 536.0 ], [ 1445.0, 536.0 ], [ 1444.0, 536.0 ], [ 1442.0, 536.0 ], [ 1441.0, 536.0 ], [ 1439.0, 536.0 ], [ 1438.0, 536.0 ], [ 1436.0, 536.0 ], [ 1435.0, 536.0 ], [ 1434.0, 536.0 ], [ 1432.0, 536.0 ], [ 1431.0, 536.0 ], [ 1429.0, 536.0 ], [ 1428.0, 536.0 ], [ 1426.0, 536.0 ], [ 1425.0, 536.0 ], [ 1423.0, 536.0 ], [ 1422.0, 536.0 ], [ 1420.0, 536.0 ], [ 1419.0, 536.0 ], [ 1419.0, 538.0 ], [ 1419.0, 539.0 ], [ 1419.0, 541.0 ], [ 1419.0, 542.0 ], [ 1419.0, 544.0 ], [ 1419.0, 545.0 ], [ 1419.0, 547.0 ], [ 1419.0, 548.0 ], [ 1419.0, 550.0 ], [ 1419.0, 551.0 ], [ 1419.0, 553.0 ], [ 1419.0, 554.0 ], [ 1419.0, 556.0 ], [ 1419.0, 557.0 ], [ 1419.0, 559.0 ], [ 1419.0, 560.0 ], [ 1419.0, 562.0 ], [ 1419.0, 563.0 ], [ 1419.0, 565.0 ], [ 1419.0, 566.0 ], [ 1420.0, 567.0 ], [ 1419.0, 569.0 ], [ 1419.0, 570.0 ], [ 1419.0, 572.0 ], [ 1419.0, 573.0 ], [ 1419.0, 575.0 ], [ 1419.0, 576.0 ], [ 1419.0, 578.0 ], [ 1419.0, 579.0 ], [ 1419.0, 581.0 ], [ 1419.0, 582.0 ], [ 1419.0, 584.0 ], [ 1417.0, 585.0 ], [ 1416.0, 585.0 ], [ 1414.0, 585.0 ], [ 1413.0, 585.0 ], [ 1411.0, 585.0 ], [ 1410.0, 585.0 ], [ 1408.0, 585.0 ], [ 1407.0, 585.0 ], [ 1405.0, 585.0 ], [ 1404.0, 585.0 ], [ 1402.0, 585.0 ], [ 1401.0, 585.0 ], [ 1399.0, 585.0 ], [ 1398.0, 585.0 ], [ 1396.0, 585.0 ], [ 1395.0, 585.0 ], [ 1393.0, 585.0 ], [ 1392.0, 585.0 ], [ 1391.0, 585.0 ], [ 1389.0, 585.0 ], [ 1388.0, 585.0 ], [ 1386.0, 585.0 ], [ 1386.0, 587.0 ], [ 1386.0, 588.0 ], [ 1386.0, 590.0 ], [ 1386.0, 591.0 ], [ 1386.0, 593.0 ], [ 1386.0, 594.0 ], [ 1386.0, 596.0 ], [ 1386.0, 597.0 ], [ 1386.0, 599.0 ], [ 1386.0, 600.0 ], [ 1386.0, 602.0 ], [ 1386.0, 603.0 ], [ 1386.0, 605.0 ], [ 1386.0, 606.0 ], [ 1386.0, 608.0 ], [ 1386.0, 609.0 ], [ 1386.0, 610.0 ], [ 1386.0, 612.0 ], [ 1386.0, 613.0 ], [ 1386.0, 615.0 ], [ 1388.0, 615.0 ], [ 1389.0, 615.0 ], [ 1391.0, 615.0 ], [ 1392.0, 615.0 ], [ 1393.0, 615.0 ], [ 1395.0, 615.0 ], [ 1396.0, 615.0 ], [ 1398.0, 615.0 ], [ 1399.0, 615.0 ], [ 1401.0, 615.0 ], [ 1402.0, 616.0 ], [ 1402.0, 618.0 ], [ 1402.0, 619.0 ], [ 1402.0, 621.0 ], [ 1402.0, 622.0 ], [ 1402.0, 624.0 ], [ 1402.0, 625.0 ], [ 1402.0, 627.0 ], [ 1402.0, 628.0 ], [ 1402.0, 630.0 ], [ 1402.0, 631.0 ], [ 1404.0, 631.0 ], [ 1405.0, 631.0 ], [ 1407.0, 631.0 ], [ 1408.0, 631.0 ], [ 1410.0, 631.0 ], [ 1411.0, 631.0 ], [ 1413.0, 631.0 ], [ 1414.0, 631.0 ], [ 1416.0, 631.0 ], [ 1417.0, 631.0 ], [ 1419.0, 633.0 ], [ 1419.0, 634.0 ], [ 1419.0, 636.0 ], [ 1419.0, 637.0 ], [ 1419.0, 639.0 ], [ 1419.0, 640.0 ], [ 1419.0, 642.0 ], [ 1419.0, 643.0 ], [ 1419.0, 645.0 ], [ 1419.0, 646.0 ], [ 1419.0, 648.0 ], [ 1419.0, 649.0 ], [ 1419.0, 651.0 ], [ 1419.0, 652.0 ], [ 1419.0, 653.0 ], [ 1419.0, 655.0 ], [ 1419.0, 656.0 ], [ 1419.0, 658.0 ], [ 1419.0, 659.0 ], [ 1419.0, 661.0 ], [ 1419.0, 662.0 ], [ 1419.0, 664.0 ], [ 1419.0, 665.0 ], [ 1419.0, 667.0 ], [ 1419.0, 668.0 ], [ 1419.0, 670.0 ], [ 1419.0, 671.0 ], [ 1419.0, 673.0 ], [ 1419.0, 674.0 ], [ 1419.0, 676.0 ], [ 1419.0, 677.0 ], [ 1419.0, 679.0 ], [ 1420.0, 679.0 ], [ 1422.0, 680.0 ], [ 1420.0, 682.0 ], [ 1419.0, 682.0 ], [ 1419.0, 683.0 ], [ 1419.0, 685.0 ], [ 1419.0, 686.0 ], [ 1419.0, 688.0 ], [ 1419.0, 689.0 ], [ 1419.0, 691.0 ], [ 1419.0, 692.0 ], [ 1419.0, 694.0 ], [ 1419.0, 695.0 ], [ 1419.0, 696.0 ], [ 1419.0, 698.0 ], [ 1419.0, 699.0 ], [ 1419.0, 701.0 ], [ 1419.0, 702.0 ], [ 1419.0, 704.0 ], [ 1419.0, 705.0 ], [ 1419.0, 707.0 ], [ 1419.0, 708.0 ], [ 1419.0, 710.0 ], [ 1419.0, 711.0 ], [ 1419.0, 713.0 ], [ 1419.0, 714.0 ], [ 1419.0, 716.0 ], [ 1419.0, 717.0 ], [ 1419.0, 719.0 ], [ 1419.0, 720.0 ], [ 1419.0, 722.0 ], [ 1419.0, 723.0 ], [ 1419.0, 725.0 ], [ 1419.0, 726.0 ], [ 1419.0, 728.0 ], [ 1417.0, 729.0 ], [ 1416.0, 729.0 ], [ 1414.0, 729.0 ], [ 1413.0, 729.0 ], [ 1411.0, 729.0 ], [ 1410.0, 729.0 ], [ 1408.0, 729.0 ], [ 1407.0, 729.0 ], [ 1405.0, 729.0 ], [ 1404.0, 729.0 ], [ 1402.0, 729.0 ], [ 1402.0, 731.0 ], [ 1402.0, 732.0 ], [ 1402.0, 734.0 ], [ 1402.0, 735.0 ], [ 1402.0, 737.0 ], [ 1402.0, 738.0 ], [ 1402.0, 740.0 ], [ 1402.0, 741.0 ], [ 1402.0, 742.0 ], [ 1402.0, 744.0 ], [ 1402.0, 745.0 ], [ 1402.0, 747.0 ], [ 1402.0, 748.0 ], [ 1402.0, 750.0 ], [ 1402.0, 751.0 ], [ 1402.0, 753.0 ], [ 1402.0, 754.0 ], [ 1402.0, 756.0 ], [ 1402.0, 757.0 ], [ 1402.0, 759.0 ], [ 1402.0, 760.0 ], [ 1401.0, 762.0 ], [ 1399.0, 762.0 ], [ 1398.0, 762.0 ], [ 1396.0, 762.0 ], [ 1395.0, 762.0 ], [ 1393.0, 762.0 ], [ 1392.0, 762.0 ], [ 1391.0, 762.0 ], [ 1389.0, 762.0 ], [ 1388.0, 762.0 ], [ 1386.0, 762.0 ], [ 1386.0, 763.0 ], [ 1386.0, 765.0 ], [ 1386.0, 766.0 ], [ 1386.0, 768.0 ], [ 1386.0, 769.0 ], [ 1386.0, 771.0 ], [ 1386.0, 772.0 ], [ 1386.0, 774.0 ], [ 1386.0, 775.0 ], [ 1386.0, 777.0 ], [ 1386.0, 778.0 ], [ 1386.0, 780.0 ], [ 1386.0, 781.0 ], [ 1386.0, 783.0 ], [ 1386.0, 784.0 ], [ 1386.0, 785.0 ], [ 1386.0, 787.0 ], [ 1386.0, 788.0 ], [ 1386.0, 790.0 ], [ 1386.0, 791.0 ], [ 1385.0, 793.0 ], [ 1383.0, 793.0 ], [ 1382.0, 793.0 ], [ 1380.0, 793.0 ], [ 1379.0, 793.0 ], [ 1377.0, 793.0 ], [ 1376.0, 793.0 ], [ 1374.0, 793.0 ], [ 1373.0, 793.0 ], [ 1371.0, 793.0 ], [ 1370.0, 793.0 ], [ 1368.0, 793.0 ], [ 1367.0, 793.0 ], [ 1365.0, 793.0 ], [ 1364.0, 793.0 ], [ 1362.0, 793.0 ], [ 1361.0, 793.0 ], [ 1359.0, 793.0 ], [ 1358.0, 793.0 ], [ 1356.0, 793.0 ], [ 1355.0, 793.0 ], [ 1355.0, 794.0 ], [ 1355.0, 796.0 ], [ 1355.0, 797.0 ], [ 1355.0, 799.0 ], [ 1355.0, 800.0 ], [ 1355.0, 802.0 ], [ 1355.0, 803.0 ], [ 1355.0, 805.0 ], [ 1355.0, 806.0 ], [ 1355.0, 808.0 ], [ 1353.0, 809.0 ], [ 1352.0, 808.0 ], [ 1352.0, 806.0 ], [ 1352.0, 805.0 ], [ 1352.0, 803.0 ], [ 1352.0, 802.0 ], [ 1352.0, 800.0 ], [ 1352.0, 799.0 ], [ 1352.0, 797.0 ], [ 1352.0, 796.0 ], [ 1352.0, 794.0 ], [ 1352.0, 793.0 ], [ 1352.0, 791.0 ], [ 1352.0, 790.0 ], [ 1352.0, 788.0 ], [ 1352.0, 787.0 ], [ 1352.0, 785.0 ], [ 1352.0, 784.0 ], [ 1352.0, 783.0 ], [ 1352.0, 781.0 ], [ 1352.0, 780.0 ], [ 1352.0, 778.0 ], [ 1352.0, 777.0 ], [ 1352.0, 775.0 ], [ 1352.0, 774.0 ], [ 1352.0, 772.0 ], [ 1352.0, 771.0 ], [ 1352.0, 769.0 ], [ 1352.0, 768.0 ], [ 1352.0, 766.0 ], [ 1352.0, 765.0 ], [ 1352.0, 763.0 ], [ 1352.0, 762.0 ], [ 1350.0, 762.0 ], [ 1349.0, 762.0 ], [ 1348.0, 762.0 ], [ 1346.0, 762.0 ], [ 1345.0, 762.0 ], [ 1343.0, 762.0 ], [ 1342.0, 762.0 ], [ 1340.0, 762.0 ], [ 1339.0, 762.0 ], [ 1337.0, 762.0 ], [ 1336.0, 762.0 ], [ 1334.0, 762.0 ], [ 1333.0, 762.0 ], [ 1331.0, 762.0 ], [ 1330.0, 762.0 ], [ 1328.0, 762.0 ], [ 1327.0, 762.0 ], [ 1325.0, 762.0 ], [ 1324.0, 762.0 ], [ 1322.0, 762.0 ], [ 1321.0, 760.0 ], [ 1321.0, 759.0 ], [ 1321.0, 757.0 ], [ 1321.0, 756.0 ], [ 1321.0, 754.0 ], [ 1321.0, 753.0 ], [ 1321.0, 751.0 ], [ 1321.0, 750.0 ], [ 1321.0, 748.0 ], [ 1321.0, 747.0 ], [ 1321.0, 745.0 ], [ 1322.0, 744.0 ], [ 1324.0, 744.0 ], [ 1325.0, 744.0 ], [ 1327.0, 744.0 ], [ 1328.0, 744.0 ], [ 1330.0, 744.0 ], [ 1331.0, 744.0 ], [ 1333.0, 744.0 ], [ 1334.0, 744.0 ], [ 1336.0, 742.0 ], [ 1337.0, 742.0 ], [ 1337.0, 741.0 ], [ 1337.0, 740.0 ], [ 1337.0, 738.0 ], [ 1337.0, 737.0 ], [ 1337.0, 735.0 ], [ 1337.0, 734.0 ], [ 1337.0, 732.0 ], [ 1337.0, 731.0 ], [ 1337.0, 729.0 ], [ 1337.0, 728.0 ], [ 1337.0, 726.0 ], [ 1337.0, 725.0 ], [ 1337.0, 723.0 ], [ 1337.0, 722.0 ], [ 1337.0, 720.0 ], [ 1337.0, 719.0 ], [ 1337.0, 717.0 ], [ 1337.0, 716.0 ], [ 1337.0, 714.0 ], [ 1337.0, 713.0 ], [ 1339.0, 711.0 ], [ 1340.0, 711.0 ], [ 1342.0, 711.0 ], [ 1343.0, 711.0 ], [ 1345.0, 711.0 ], [ 1346.0, 711.0 ], [ 1348.0, 711.0 ], [ 1349.0, 711.0 ], [ 1350.0, 711.0 ], [ 1352.0, 711.0 ], [ 1352.0, 710.0 ], [ 1352.0, 708.0 ], [ 1352.0, 707.0 ], [ 1352.0, 705.0 ], [ 1352.0, 704.0 ], [ 1352.0, 702.0 ], [ 1352.0, 701.0 ], [ 1352.0, 699.0 ], [ 1352.0, 698.0 ], [ 1352.0, 696.0 ], [ 1352.0, 695.0 ], [ 1352.0, 694.0 ], [ 1352.0, 692.0 ], [ 1352.0, 691.0 ], [ 1352.0, 689.0 ], [ 1352.0, 688.0 ], [ 1352.0, 686.0 ], [ 1352.0, 685.0 ], [ 1352.0, 683.0 ], [ 1352.0, 682.0 ], [ 1352.0, 680.0 ], [ 1352.0, 679.0 ], [ 1352.0, 677.0 ], [ 1352.0, 676.0 ], [ 1352.0, 674.0 ], [ 1352.0, 673.0 ], [ 1352.0, 671.0 ], [ 1352.0, 670.0 ], [ 1352.0, 668.0 ], [ 1352.0, 667.0 ], [ 1352.0, 665.0 ], [ 1352.0, 664.0 ], [ 1352.0, 662.0 ], [ 1352.0, 661.0 ], [ 1352.0, 659.0 ], [ 1352.0, 658.0 ], [ 1352.0, 656.0 ], [ 1352.0, 655.0 ], [ 1352.0, 653.0 ], [ 1352.0, 652.0 ], [ 1352.0, 651.0 ], [ 1352.0, 649.0 ], [ 1352.0, 648.0 ], [ 1352.0, 646.0 ], [ 1352.0, 645.0 ], [ 1352.0, 643.0 ], [ 1352.0, 642.0 ], [ 1352.0, 640.0 ], [ 1352.0, 639.0 ], [ 1352.0, 637.0 ], [ 1352.0, 636.0 ], [ 1352.0, 634.0 ], [ 1352.0, 633.0 ], [ 1352.0, 631.0 ], [ 1352.0, 630.0 ], [ 1352.0, 628.0 ], [ 1352.0, 627.0 ], [ 1352.0, 625.0 ], [ 1352.0, 624.0 ], [ 1352.0, 622.0 ], [ 1352.0, 621.0 ], [ 1352.0, 619.0 ], [ 1352.0, 618.0 ], [ 1352.0, 616.0 ], [ 1350.0, 616.0 ], [ 1349.0, 616.0 ], [ 1348.0, 616.0 ], [ 1346.0, 616.0 ], [ 1345.0, 616.0 ], [ 1343.0, 616.0 ], [ 1342.0, 616.0 ], [ 1340.0, 616.0 ], [ 1339.0, 616.0 ], [ 1337.0, 616.0 ], [ 1336.0, 616.0 ], [ 1334.0, 616.0 ], [ 1333.0, 616.0 ], [ 1331.0, 616.0 ], [ 1330.0, 616.0 ], [ 1328.0, 616.0 ], [ 1327.0, 616.0 ], [ 1325.0, 616.0 ], [ 1324.0, 616.0 ], [ 1322.0, 616.0 ], [ 1321.0, 615.0 ], [ 1321.0, 613.0 ], [ 1321.0, 612.0 ], [ 1321.0, 610.0 ], [ 1321.0, 609.0 ], [ 1321.0, 608.0 ], [ 1321.0, 606.0 ], [ 1321.0, 605.0 ], [ 1321.0, 603.0 ], [ 1321.0, 602.0 ], [ 1319.0, 600.0 ], [ 1318.0, 600.0 ], [ 1316.0, 600.0 ], [ 1315.0, 600.0 ], [ 1313.0, 600.0 ], [ 1312.0, 600.0 ], [ 1310.0, 600.0 ], [ 1309.0, 600.0 ], [ 1307.0, 600.0 ], [ 1306.0, 600.0 ], [ 1305.0, 600.0 ], [ 1303.0, 600.0 ], [ 1302.0, 600.0 ], [ 1300.0, 600.0 ], [ 1299.0, 600.0 ], [ 1297.0, 600.0 ], [ 1296.0, 600.0 ], [ 1294.0, 600.0 ], [ 1293.0, 600.0 ], [ 1291.0, 602.0 ], [ 1290.0, 603.0 ], [ 1290.0, 605.0 ], [ 1290.0, 606.0 ], [ 1290.0, 608.0 ], [ 1290.0, 609.0 ], [ 1290.0, 610.0 ], [ 1290.0, 612.0 ], [ 1290.0, 613.0 ], [ 1290.0, 615.0 ], [ 1288.0, 616.0 ], [ 1287.0, 616.0 ], [ 1285.0, 616.0 ], [ 1284.0, 616.0 ], [ 1282.0, 616.0 ], [ 1281.0, 616.0 ], [ 1279.0, 616.0 ], [ 1278.0, 616.0 ], [ 1276.0, 616.0 ], [ 1275.0, 616.0 ], [ 1273.0, 616.0 ], [ 1272.0, 615.0 ], [ 1272.0, 613.0 ], [ 1272.0, 612.0 ], [ 1272.0, 610.0 ], [ 1272.0, 609.0 ], [ 1272.0, 608.0 ], [ 1272.0, 606.0 ], [ 1272.0, 605.0 ], [ 1272.0, 603.0 ], [ 1272.0, 602.0 ], [ 1270.0, 600.0 ], [ 1269.0, 600.0 ], [ 1267.0, 600.0 ], [ 1266.0, 600.0 ], [ 1264.0, 600.0 ], [ 1263.0, 600.0 ], [ 1262.0, 600.0 ], [ 1260.0, 600.0 ], [ 1259.0, 600.0 ], [ 1257.0, 599.0 ], [ 1257.0, 597.0 ], [ 1257.0, 596.0 ], [ 1257.0, 594.0 ], [ 1257.0, 593.0 ], [ 1257.0, 591.0 ], [ 1257.0, 590.0 ], [ 1257.0, 588.0 ], [ 1257.0, 587.0 ], [ 1257.0, 585.0 ], [ 1257.0, 584.0 ], [ 1257.0, 582.0 ], [ 1257.0, 581.0 ], [ 1257.0, 579.0 ], [ 1257.0, 578.0 ], [ 1257.0, 576.0 ], [ 1257.0, 575.0 ], [ 1257.0, 573.0 ], [ 1257.0, 572.0 ], [ 1257.0, 570.0 ], [ 1256.0, 569.0 ], [ 1254.0, 569.0 ], [ 1253.0, 569.0 ], [ 1251.0, 569.0 ], [ 1250.0, 569.0 ], [ 1248.0, 569.0 ], [ 1247.0, 569.0 ], [ 1245.0, 569.0 ], [ 1244.0, 569.0 ], [ 1242.0, 569.0 ], [ 1241.0, 569.0 ], [ 1239.0, 569.0 ], [ 1238.0, 569.0 ], [ 1236.0, 569.0 ], [ 1235.0, 569.0 ], [ 1233.0, 569.0 ], [ 1232.0, 569.0 ], [ 1230.0, 569.0 ], [ 1229.0, 569.0 ], [ 1227.0, 569.0 ], [ 1226.0, 569.0 ], [ 1226.0, 570.0 ], [ 1226.0, 572.0 ], [ 1226.0, 573.0 ], [ 1226.0, 575.0 ], [ 1226.0, 576.0 ], [ 1226.0, 578.0 ], [ 1226.0, 579.0 ], [ 1226.0, 581.0 ], [ 1226.0, 582.0 ], [ 1226.0, 584.0 ], [ 1226.0, 585.0 ], [ 1226.0, 587.0 ], [ 1226.0, 588.0 ], [ 1226.0, 590.0 ], [ 1226.0, 591.0 ], [ 1226.0, 593.0 ], [ 1226.0, 594.0 ], [ 1226.0, 596.0 ], [ 1226.0, 597.0 ], [ 1226.0, 599.0 ], [ 1224.0, 600.0 ], [ 1223.0, 600.0 ], [ 1221.0, 600.0 ], [ 1220.0, 600.0 ], [ 1218.0, 600.0 ], [ 1217.0, 600.0 ], [ 1216.0, 600.0 ], [ 1214.0, 600.0 ], [ 1213.0, 600.0 ], [ 1211.0, 600.0 ], [ 1210.0, 600.0 ], [ 1208.0, 599.0 ], [ 1208.0, 597.0 ], [ 1208.0, 596.0 ], [ 1208.0, 594.0 ], [ 1208.0, 593.0 ], [ 1208.0, 591.0 ], [ 1208.0, 590.0 ], [ 1208.0, 588.0 ], [ 1208.0, 587.0 ], [ 1208.0, 585.0 ], [ 1207.0, 585.0 ], [ 1205.0, 585.0 ], [ 1204.0, 585.0 ], [ 1202.0, 585.0 ], [ 1201.0, 585.0 ], [ 1199.0, 585.0 ], [ 1198.0, 585.0 ], [ 1196.0, 585.0 ], [ 1195.0, 585.0 ], [ 1193.0, 585.0 ], [ 1192.0, 585.0 ], [ 1190.0, 585.0 ], [ 1189.0, 585.0 ], [ 1187.0, 585.0 ], [ 1186.0, 585.0 ], [ 1184.0, 585.0 ], [ 1183.0, 585.0 ], [ 1181.0, 585.0 ], [ 1180.0, 585.0 ], [ 1178.0, 585.0 ], [ 1177.0, 585.0 ], [ 1175.0, 585.0 ], [ 1174.0, 585.0 ], [ 1173.0, 584.0 ], [ 1174.0, 582.0 ], [ 1175.0, 582.0 ], [ 1175.0, 581.0 ], [ 1177.0, 579.0 ], [ 1177.0, 578.0 ], [ 1177.0, 576.0 ], [ 1177.0, 575.0 ], [ 1177.0, 573.0 ], [ 1177.0, 572.0 ], [ 1177.0, 570.0 ], [ 1177.0, 569.0 ], [ 1178.0, 567.0 ], [ 1180.0, 567.0 ], [ 1181.0, 567.0 ], [ 1183.0, 567.0 ], [ 1184.0, 567.0 ], [ 1186.0, 567.0 ], [ 1187.0, 567.0 ], [ 1189.0, 567.0 ], [ 1190.0, 567.0 ], [ 1192.0, 567.0 ], [ 1192.0, 566.0 ], [ 1192.0, 565.0 ], [ 1192.0, 563.0 ], [ 1192.0, 562.0 ], [ 1192.0, 560.0 ], [ 1192.0, 559.0 ], [ 1192.0, 557.0 ], [ 1192.0, 556.0 ], [ 1192.0, 554.0 ], [ 1192.0, 553.0 ], [ 1193.0, 551.0 ], [ 1195.0, 551.0 ], [ 1196.0, 551.0 ], [ 1198.0, 551.0 ], [ 1199.0, 551.0 ], [ 1201.0, 551.0 ], [ 1202.0, 551.0 ], [ 1204.0, 551.0 ], [ 1205.0, 551.0 ], [ 1207.0, 551.0 ], [ 1208.0, 551.0 ], [ 1208.0, 550.0 ], [ 1208.0, 548.0 ], [ 1208.0, 547.0 ], [ 1208.0, 545.0 ], [ 1208.0, 544.0 ], [ 1208.0, 542.0 ], [ 1208.0, 541.0 ], [ 1208.0, 539.0 ], [ 1208.0, 538.0 ], [ 1208.0, 536.0 ], [ 1208.0, 535.0 ], [ 1208.0, 533.0 ], [ 1208.0, 532.0 ], [ 1208.0, 530.0 ], [ 1208.0, 529.0 ], [ 1208.0, 527.0 ], [ 1208.0, 526.0 ], [ 1208.0, 524.0 ], [ 1208.0, 523.0 ], [ 1208.0, 522.0 ], [ 1207.0, 520.0 ], [ 1205.0, 520.0 ], [ 1204.0, 520.0 ], [ 1202.0, 520.0 ], [ 1201.0, 520.0 ], [ 1199.0, 520.0 ], [ 1198.0, 520.0 ], [ 1196.0, 520.0 ], [ 1195.0, 520.0 ], [ 1193.0, 520.0 ], [ 1192.0, 519.0 ], [ 1192.0, 517.0 ], [ 1192.0, 516.0 ], [ 1192.0, 514.0 ], [ 1192.0, 513.0 ], [ 1192.0, 511.0 ], [ 1192.0, 510.0 ], [ 1192.0, 508.0 ], [ 1192.0, 507.0 ], [ 1192.0, 505.0 ], [ 1190.0, 505.0 ], [ 1189.0, 505.0 ], [ 1187.0, 505.0 ], [ 1186.0, 505.0 ], [ 1184.0, 505.0 ], [ 1183.0, 505.0 ], [ 1181.0, 505.0 ], [ 1180.0, 505.0 ], [ 1178.0, 505.0 ], [ 1177.0, 504.0 ], [ 1178.0, 502.0 ], [ 1180.0, 502.0 ], [ 1181.0, 502.0 ], [ 1183.0, 502.0 ], [ 1184.0, 502.0 ], [ 1186.0, 502.0 ], [ 1187.0, 502.0 ], [ 1189.0, 502.0 ], [ 1190.0, 502.0 ], [ 1192.0, 502.0 ], [ 1192.0, 501.0 ], [ 1192.0, 499.0 ], [ 1192.0, 498.0 ], [ 1192.0, 496.0 ], [ 1192.0, 495.0 ], [ 1192.0, 493.0 ], [ 1192.0, 492.0 ], [ 1192.0, 490.0 ], [ 1192.0, 489.0 ], [ 1192.0, 487.0 ], [ 1192.0, 486.0 ], [ 1192.0, 484.0 ], [ 1192.0, 483.0 ], [ 1192.0, 481.0 ], [ 1192.0, 480.0 ], [ 1192.0, 478.0 ], [ 1192.0, 477.0 ], [ 1192.0, 476.0 ], [ 1192.0, 474.0 ], [ 1192.0, 473.0 ], [ 1192.0, 471.0 ], [ 1192.0, 470.0 ], [ 1192.0, 468.0 ], [ 1192.0, 467.0 ], [ 1192.0, 465.0 ], [ 1192.0, 464.0 ], [ 1192.0, 462.0 ], [ 1192.0, 461.0 ], [ 1192.0, 459.0 ], [ 1192.0, 458.0 ], [ 1192.0, 456.0 ], [ 1190.0, 456.0 ], [ 1189.0, 456.0 ], [ 1187.0, 456.0 ], [ 1186.0, 456.0 ], [ 1184.0, 456.0 ], [ 1183.0, 456.0 ], [ 1181.0, 456.0 ], [ 1180.0, 456.0 ], [ 1178.0, 456.0 ], [ 1177.0, 456.0 ], [ 1175.0, 456.0 ], [ 1174.0, 456.0 ], [ 1173.0, 456.0 ], [ 1171.0, 456.0 ], [ 1170.0, 456.0 ], [ 1168.0, 456.0 ], [ 1167.0, 456.0 ], [ 1165.0, 456.0 ], [ 1164.0, 456.0 ], [ 1162.0, 456.0 ], [ 1161.0, 455.0 ], [ 1161.0, 453.0 ], [ 1161.0, 452.0 ], [ 1161.0, 450.0 ], [ 1161.0, 449.0 ], [ 1161.0, 447.0 ], [ 1161.0, 446.0 ], [ 1161.0, 444.0 ], [ 1161.0, 443.0 ], [ 1161.0, 441.0 ], [ 1161.0, 440.0 ], [ 1161.0, 438.0 ], [ 1161.0, 437.0 ], [ 1161.0, 435.0 ], [ 1161.0, 434.0 ], [ 1161.0, 433.0 ], [ 1161.0, 431.0 ], [ 1161.0, 430.0 ], [ 1161.0, 428.0 ], [ 1161.0, 427.0 ], [ 1161.0, 425.0 ], [ 1159.0, 425.0 ], [ 1158.0, 425.0 ], [ 1156.0, 424.0 ], [ 1155.0, 424.0 ], [ 1153.0, 424.0 ], [ 1152.0, 424.0 ], [ 1150.0, 424.0 ], [ 1149.0, 424.0 ], [ 1147.0, 424.0 ], [ 1146.0, 424.0 ], [ 1144.0, 422.0 ], [ 1144.0, 421.0 ], [ 1144.0, 419.0 ], [ 1144.0, 418.0 ], [ 1144.0, 416.0 ], [ 1144.0, 415.0 ], [ 1144.0, 413.0 ], [ 1144.0, 412.0 ], [ 1144.0, 410.0 ], [ 1144.0, 409.0 ], [ 1144.0, 407.0 ], [ 1144.0, 406.0 ], [ 1144.0, 404.0 ], [ 1144.0, 403.0 ], [ 1144.0, 401.0 ], [ 1144.0, 400.0 ], [ 1144.0, 398.0 ], [ 1144.0, 397.0 ], [ 1144.0, 395.0 ], [ 1144.0, 394.0 ], [ 1144.0, 392.0 ], [ 1144.0, 391.0 ], [ 1144.0, 390.0 ], [ 1144.0, 388.0 ], [ 1144.0, 387.0 ], [ 1144.0, 385.0 ], [ 1144.0, 384.0 ], [ 1144.0, 382.0 ], [ 1144.0, 381.0 ], [ 1144.0, 379.0 ], [ 1144.0, 378.0 ], [ 1144.0, 376.0 ], [ 1143.0, 376.0 ], [ 1141.0, 376.0 ], [ 1140.0, 376.0 ], [ 1138.0, 376.0 ], [ 1137.0, 376.0 ], [ 1135.0, 376.0 ], [ 1134.0, 376.0 ], [ 1132.0, 376.0 ], [ 1131.0, 376.0 ], [ 1130.0, 376.0 ], [ 1128.0, 375.0 ], [ 1128.0, 373.0 ], [ 1128.0, 372.0 ], [ 1128.0, 370.0 ], [ 1128.0, 369.0 ], [ 1128.0, 367.0 ], [ 1128.0, 366.0 ], [ 1128.0, 364.0 ], [ 1128.0, 363.0 ], [ 1128.0, 361.0 ], [ 1128.0, 360.0 ], [ 1130.0, 358.0 ], [ 1131.0, 358.0 ], [ 1132.0, 358.0 ], [ 1134.0, 358.0 ], [ 1135.0, 358.0 ], [ 1137.0, 358.0 ], [ 1138.0, 358.0 ], [ 1140.0, 358.0 ], [ 1141.0, 358.0 ], [ 1143.0, 358.0 ], [ 1144.0, 358.0 ], [ 1146.0, 358.0 ], [ 1147.0, 358.0 ], [ 1149.0, 358.0 ], [ 1150.0, 358.0 ], [ 1152.0, 358.0 ], [ 1153.0, 358.0 ], [ 1155.0, 358.0 ], [ 1156.0, 358.0 ], [ 1158.0, 358.0 ], [ 1159.0, 358.0 ], [ 1161.0, 358.0 ], [ 1162.0, 360.0 ], [ 1162.0, 361.0 ], [ 1162.0, 363.0 ], [ 1162.0, 364.0 ], [ 1162.0, 366.0 ], [ 1162.0, 367.0 ], [ 1162.0, 369.0 ], [ 1162.0, 370.0 ], [ 1162.0, 372.0 ], [ 1162.0, 373.0 ], [ 1162.0, 375.0 ], [ 1164.0, 375.0 ], [ 1165.0, 375.0 ], [ 1167.0, 375.0 ], [ 1168.0, 375.0 ], [ 1170.0, 375.0 ], [ 1171.0, 375.0 ], [ 1173.0, 375.0 ], [ 1174.0, 375.0 ], [ 1175.0, 375.0 ], [ 1177.0, 375.0 ], [ 1178.0, 375.0 ], [ 1180.0, 375.0 ], [ 1181.0, 375.0 ], [ 1183.0, 375.0 ], [ 1184.0, 375.0 ], [ 1186.0, 375.0 ], [ 1187.0, 375.0 ], [ 1189.0, 375.0 ], [ 1190.0, 375.0 ], [ 1192.0, 375.0 ], [ 1193.0, 376.0 ], [ 1193.0, 378.0 ], [ 1193.0, 379.0 ], [ 1193.0, 381.0 ], [ 1193.0, 382.0 ], [ 1193.0, 384.0 ], [ 1193.0, 385.0 ], [ 1193.0, 387.0 ], [ 1195.0, 388.0 ], [ 1195.0, 390.0 ], [ 1195.0, 391.0 ], [ 1196.0, 391.0 ], [ 1198.0, 391.0 ], [ 1199.0, 391.0 ], [ 1201.0, 391.0 ], [ 1202.0, 391.0 ], [ 1204.0, 391.0 ], [ 1205.0, 391.0 ], [ 1207.0, 391.0 ], [ 1208.0, 391.0 ], [ 1210.0, 392.0 ], [ 1210.0, 394.0 ], [ 1210.0, 395.0 ], [ 1210.0, 397.0 ], [ 1210.0, 398.0 ], [ 1210.0, 400.0 ], [ 1210.0, 401.0 ], [ 1210.0, 403.0 ], [ 1210.0, 404.0 ], [ 1210.0, 406.0 ], [ 1211.0, 406.0 ], [ 1213.0, 407.0 ], [ 1214.0, 407.0 ], [ 1216.0, 407.0 ], [ 1217.0, 407.0 ], [ 1218.0, 407.0 ], [ 1220.0, 407.0 ], [ 1221.0, 407.0 ], [ 1223.0, 407.0 ], [ 1224.0, 407.0 ], [ 1226.0, 407.0 ], [ 1227.0, 407.0 ], [ 1229.0, 407.0 ], [ 1230.0, 407.0 ], [ 1232.0, 407.0 ], [ 1233.0, 407.0 ], [ 1235.0, 407.0 ], [ 1236.0, 407.0 ], [ 1238.0, 407.0 ], [ 1239.0, 407.0 ], [ 1241.0, 406.0 ], [ 1241.0, 404.0 ], [ 1241.0, 403.0 ], [ 1241.0, 401.0 ], [ 1241.0, 400.0 ], [ 1241.0, 398.0 ], [ 1241.0, 397.0 ], [ 1241.0, 395.0 ], [ 1241.0, 394.0 ], [ 1241.0, 392.0 ], [ 1242.0, 391.0 ], [ 1244.0, 391.0 ], [ 1245.0, 391.0 ], [ 1247.0, 391.0 ], [ 1248.0, 391.0 ], [ 1250.0, 391.0 ], [ 1251.0, 391.0 ], [ 1253.0, 391.0 ], [ 1254.0, 391.0 ], [ 1256.0, 391.0 ], [ 1257.0, 390.0 ], [ 1259.0, 391.0 ], [ 1260.0, 391.0 ], [ 1262.0, 391.0 ], [ 1263.0, 391.0 ], [ 1264.0, 391.0 ], [ 1266.0, 391.0 ], [ 1267.0, 391.0 ], [ 1269.0, 391.0 ], [ 1270.0, 391.0 ], [ 1272.0, 391.0 ], [ 1273.0, 391.0 ], [ 1275.0, 392.0 ], [ 1275.0, 394.0 ], [ 1275.0, 395.0 ], [ 1275.0, 397.0 ], [ 1275.0, 398.0 ], [ 1275.0, 400.0 ], [ 1275.0, 401.0 ], [ 1275.0, 403.0 ], [ 1275.0, 404.0 ], [ 1275.0, 406.0 ], [ 1276.0, 407.0 ], [ 1278.0, 407.0 ], [ 1279.0, 407.0 ], [ 1281.0, 407.0 ], [ 1282.0, 407.0 ], [ 1284.0, 407.0 ], [ 1285.0, 407.0 ], [ 1287.0, 407.0 ], [ 1288.0, 407.0 ], [ 1290.0, 407.0 ], [ 1291.0, 407.0 ], [ 1293.0, 407.0 ], [ 1294.0, 407.0 ], [ 1296.0, 407.0 ], [ 1297.0, 407.0 ], [ 1299.0, 407.0 ], [ 1300.0, 407.0 ], [ 1302.0, 407.0 ], [ 1303.0, 407.0 ], [ 1305.0, 407.0 ], [ 1306.0, 407.0 ], [ 1307.0, 407.0 ], [ 1309.0, 407.0 ], [ 1310.0, 407.0 ], [ 1312.0, 407.0 ], [ 1313.0, 407.0 ], [ 1315.0, 407.0 ], [ 1316.0, 407.0 ], [ 1318.0, 407.0 ], [ 1319.0, 407.0 ], [ 1321.0, 407.0 ], [ 1322.0, 409.0 ], [ 1322.0, 410.0 ], [ 1322.0, 412.0 ], [ 1322.0, 413.0 ], [ 1322.0, 415.0 ], [ 1322.0, 416.0 ], [ 1322.0, 418.0 ], [ 1322.0, 419.0 ], [ 1322.0, 421.0 ], [ 1322.0, 422.0 ], [ 1324.0, 422.0 ], [ 1325.0, 422.0 ], [ 1327.0, 422.0 ], [ 1328.0, 422.0 ], [ 1330.0, 422.0 ], [ 1331.0, 422.0 ], [ 1333.0, 422.0 ], [ 1334.0, 422.0 ], [ 1336.0, 422.0 ], [ 1337.0, 422.0 ], [ 1339.0, 422.0 ], [ 1340.0, 422.0 ], [ 1342.0, 422.0 ], [ 1343.0, 422.0 ], [ 1345.0, 422.0 ], [ 1346.0, 422.0 ], [ 1348.0, 422.0 ], [ 1349.0, 422.0 ], [ 1350.0, 422.0 ], [ 1352.0, 422.0 ], [ 1353.0, 422.0 ], [ 1355.0, 422.0 ], [ 1356.0, 422.0 ], [ 1358.0, 424.0 ], [ 1356.0, 425.0 ], [ 1355.0, 425.0 ], [ 1355.0, 427.0 ], [ 1355.0, 428.0 ], [ 1355.0, 430.0 ], [ 1355.0, 431.0 ], [ 1355.0, 433.0 ], [ 1355.0, 434.0 ], [ 1355.0, 435.0 ], [ 1355.0, 437.0 ], [ 1355.0, 438.0 ], [ 1355.0, 440.0 ], [ 1355.0, 441.0 ], [ 1355.0, 443.0 ], [ 1355.0, 444.0 ], [ 1355.0, 446.0 ], [ 1355.0, 447.0 ], [ 1355.0, 449.0 ], [ 1355.0, 450.0 ], [ 1355.0, 452.0 ], [ 1355.0, 453.0 ], [ 1355.0, 455.0 ], [ 1356.0, 455.0 ], [ 1358.0, 455.0 ], [ 1359.0, 455.0 ], [ 1361.0, 455.0 ], [ 1362.0, 455.0 ], [ 1364.0, 455.0 ], [ 1365.0, 455.0 ], [ 1367.0, 455.0 ], [ 1368.0, 455.0 ], [ 1370.0, 455.0 ], [ 1371.0, 455.0 ], [ 1373.0, 455.0 ], [ 1374.0, 455.0 ], [ 1376.0, 455.0 ], [ 1377.0, 455.0 ], [ 1379.0, 455.0 ], [ 1380.0, 455.0 ], [ 1382.0, 455.0 ], [ 1383.0, 455.0 ], [ 1385.0, 455.0 ], [ 1386.0, 455.0 ], [ 1388.0, 455.0 ], [ 1389.0, 455.0 ], [ 1391.0, 455.0 ], [ 1392.0, 455.0 ], [ 1393.0, 455.0 ], [ 1395.0, 455.0 ], [ 1396.0, 455.0 ], [ 1398.0, 455.0 ], [ 1399.0, 455.0 ], [ 1401.0, 455.0 ], [ 1402.0, 455.0 ], [ 1404.0, 455.0 ], [ 1405.0, 455.0 ], [ 1407.0, 455.0 ], [ 1408.0, 455.0 ], [ 1410.0, 455.0 ], [ 1411.0, 455.0 ], [ 1413.0, 455.0 ], [ 1414.0, 455.0 ], [ 1416.0, 455.0 ], [ 1417.0, 455.0 ], [ 1419.0, 455.0 ], [ 1420.0, 455.0 ], [ 1422.0, 455.0 ], [ 1423.0, 455.0 ], [ 1425.0, 455.0 ], [ 1426.0, 455.0 ], [ 1428.0, 455.0 ], [ 1429.0, 455.0 ], [ 1431.0, 455.0 ], [ 1432.0, 455.0 ], [ 1432.0, 453.0 ], [ 1432.0, 452.0 ], [ 1434.0, 450.0 ], [ 1434.0, 449.0 ], [ 1434.0, 447.0 ], [ 1434.0, 446.0 ], [ 1434.0, 444.0 ], [ 1434.0, 443.0 ], [ 1434.0, 441.0 ], [ 1434.0, 440.0 ], [ 1435.0, 438.0 ], [ 1436.0, 438.0 ], [ 1438.0, 438.0 ], [ 1439.0, 438.0 ], [ 1441.0, 438.0 ], [ 1442.0, 438.0 ], [ 1444.0, 438.0 ], [ 1445.0, 438.0 ], [ 1447.0, 438.0 ], [ 1448.0, 438.0 ], [ 1448.0, 437.0 ], [ 1448.0, 435.0 ], [ 1448.0, 434.0 ], [ 1448.0, 433.0 ], [ 1448.0, 431.0 ], [ 1448.0, 430.0 ], [ 1448.0, 428.0 ], [ 1448.0, 427.0 ], [ 1448.0, 425.0 ], [ 1448.0, 424.0 ], [ 1448.0, 422.0 ], [ 1448.0, 421.0 ], [ 1448.0, 419.0 ], [ 1448.0, 418.0 ], [ 1448.0, 416.0 ], [ 1448.0, 415.0 ], [ 1448.0, 413.0 ], [ 1448.0, 412.0 ], [ 1448.0, 410.0 ], [ 1448.0, 409.0 ], [ 1447.0, 409.0 ], [ 1445.0, 409.0 ], [ 1444.0, 409.0 ], [ 1442.0, 409.0 ], [ 1441.0, 409.0 ], [ 1439.0, 409.0 ], [ 1438.0, 409.0 ], [ 1436.0, 409.0 ], [ 1435.0, 409.0 ], [ 1434.0, 407.0 ], [ 1434.0, 406.0 ], [ 1434.0, 404.0 ], [ 1434.0, 403.0 ], [ 1434.0, 401.0 ], [ 1434.0, 400.0 ], [ 1434.0, 398.0 ], [ 1434.0, 397.0 ], [ 1434.0, 395.0 ], [ 1434.0, 394.0 ], [ 1434.0, 392.0 ], [ 1434.0, 391.0 ], [ 1434.0, 390.0 ], [ 1434.0, 388.0 ], [ 1434.0, 387.0 ], [ 1434.0, 385.0 ], [ 1434.0, 384.0 ], [ 1434.0, 382.0 ], [ 1434.0, 381.0 ], [ 1434.0, 379.0 ], [ 1434.0, 378.0 ], [ 1434.0, 376.0 ], [ 1434.0, 375.0 ], [ 1434.0, 373.0 ], [ 1434.0, 372.0 ], [ 1434.0, 370.0 ], [ 1434.0, 369.0 ], [ 1434.0, 367.0 ], [ 1434.0, 366.0 ], [ 1434.0, 364.0 ], [ 1432.0, 363.0 ], [ 1432.0, 361.0 ], [ 1432.0, 360.0 ], [ 1431.0, 360.0 ], [ 1429.0, 360.0 ], [ 1428.0, 360.0 ], [ 1426.0, 360.0 ], [ 1425.0, 360.0 ], [ 1423.0, 360.0 ], [ 1422.0, 360.0 ], [ 1420.0, 360.0 ], [ 1419.0, 360.0 ], [ 1417.0, 358.0 ], [ 1417.0, 357.0 ], [ 1417.0, 355.0 ], [ 1417.0, 354.0 ], [ 1417.0, 352.0 ], [ 1417.0, 351.0 ], [ 1417.0, 349.0 ], [ 1417.0, 348.0 ], [ 1417.0, 347.0 ], [ 1417.0, 345.0 ], [ 1416.0, 345.0 ], [ 1414.0, 345.0 ], [ 1413.0, 344.0 ], [ 1411.0, 344.0 ], [ 1410.0, 344.0 ], [ 1408.0, 344.0 ], [ 1407.0, 344.0 ], [ 1405.0, 344.0 ], [ 1404.0, 344.0 ], [ 1402.0, 344.0 ], [ 1401.0, 344.0 ], [ 1399.0, 344.0 ], [ 1398.0, 344.0 ], [ 1396.0, 344.0 ], [ 1395.0, 344.0 ], [ 1393.0, 344.0 ], [ 1392.0, 344.0 ], [ 1391.0, 344.0 ], [ 1389.0, 345.0 ], [ 1388.0, 345.0 ], [ 1386.0, 345.0 ], [ 1386.0, 347.0 ], [ 1386.0, 348.0 ], [ 1386.0, 349.0 ], [ 1386.0, 351.0 ], [ 1386.0, 352.0 ], [ 1386.0, 354.0 ], [ 1386.0, 355.0 ], [ 1386.0, 357.0 ], [ 1386.0, 358.0 ], [ 1385.0, 360.0 ], [ 1383.0, 360.0 ], [ 1382.0, 360.0 ], [ 1380.0, 360.0 ], [ 1379.0, 360.0 ], [ 1377.0, 360.0 ], [ 1376.0, 360.0 ], [ 1374.0, 360.0 ], [ 1373.0, 360.0 ], [ 1371.0, 360.0 ], [ 1370.0, 360.0 ], [ 1368.0, 360.0 ], [ 1367.0, 360.0 ], [ 1365.0, 360.0 ], [ 1364.0, 360.0 ], [ 1362.0, 360.0 ], [ 1361.0, 360.0 ], [ 1359.0, 360.0 ], [ 1358.0, 360.0 ], [ 1356.0, 360.0 ], [ 1355.0, 360.0 ], [ 1353.0, 360.0 ], [ 1352.0, 358.0 ], [ 1352.0, 357.0 ], [ 1352.0, 355.0 ], [ 1352.0, 354.0 ], [ 1352.0, 352.0 ], [ 1352.0, 351.0 ], [ 1352.0, 349.0 ], [ 1352.0, 348.0 ], [ 1352.0, 347.0 ], [ 1352.0, 345.0 ], [ 1352.0, 344.0 ], [ 1352.0, 342.0 ], [ 1352.0, 341.0 ], [ 1352.0, 339.0 ], [ 1352.0, 338.0 ], [ 1352.0, 336.0 ], [ 1352.0, 335.0 ], [ 1352.0, 333.0 ], [ 1352.0, 332.0 ], [ 1352.0, 330.0 ], [ 1352.0, 329.0 ], [ 1352.0, 327.0 ], [ 1352.0, 326.0 ], [ 1352.0, 324.0 ], [ 1352.0, 323.0 ], [ 1352.0, 321.0 ], [ 1352.0, 320.0 ], [ 1352.0, 318.0 ], [ 1352.0, 317.0 ], [ 1352.0, 315.0 ], [ 1352.0, 314.0 ], [ 1352.0, 312.0 ], [ 1352.0, 311.0 ], [ 1352.0, 309.0 ], [ 1352.0, 308.0 ], [ 1352.0, 306.0 ], [ 1352.0, 305.0 ], [ 1352.0, 304.0 ], [ 1352.0, 302.0 ], [ 1352.0, 301.0 ], [ 1352.0, 299.0 ], [ 1352.0, 298.0 ], [ 1352.0, 296.0 ], [ 1352.0, 295.0 ], [ 1352.0, 293.0 ], [ 1352.0, 292.0 ], [ 1352.0, 290.0 ], [ 1352.0, 289.0 ], [ 1352.0, 287.0 ], [ 1352.0, 286.0 ], [ 1352.0, 284.0 ], [ 1352.0, 283.0 ], [ 1352.0, 281.0 ], [ 1352.0, 280.0 ], [ 1352.0, 278.0 ], [ 1352.0, 277.0 ], [ 1352.0, 275.0 ], [ 1352.0, 274.0 ], [ 1352.0, 272.0 ], [ 1352.0, 271.0 ], [ 1352.0, 269.0 ], [ 1352.0, 268.0 ], [ 1352.0, 266.0 ], [ 1352.0, 265.0 ], [ 1350.0, 263.0 ], [ 1349.0, 263.0 ], [ 1348.0, 263.0 ], [ 1346.0, 263.0 ], [ 1345.0, 263.0 ], [ 1343.0, 263.0 ], [ 1342.0, 263.0 ], [ 1340.0, 263.0 ], [ 1339.0, 263.0 ], [ 1337.0, 262.0 ], [ 1337.0, 261.0 ], [ 1337.0, 259.0 ], [ 1337.0, 258.0 ], [ 1337.0, 256.0 ], [ 1337.0, 255.0 ], [ 1337.0, 253.0 ], [ 1337.0, 252.0 ], [ 1337.0, 250.0 ], [ 1337.0, 249.0 ], [ 1337.0, 247.0 ], [ 1337.0, 246.0 ], [ 1337.0, 244.0 ], [ 1337.0, 243.0 ], [ 1337.0, 241.0 ], [ 1337.0, 240.0 ], [ 1337.0, 238.0 ], [ 1337.0, 237.0 ], [ 1337.0, 235.0 ], [ 1337.0, 234.0 ], [ 1337.0, 232.0 ], [ 1337.0, 231.0 ], [ 1337.0, 229.0 ], [ 1337.0, 228.0 ], [ 1337.0, 226.0 ], [ 1337.0, 225.0 ], [ 1337.0, 223.0 ], [ 1337.0, 222.0 ], [ 1337.0, 220.0 ], [ 1337.0, 219.0 ], [ 1337.0, 217.0 ], [ 1337.0, 216.0 ], [ 1337.0, 215.0 ], [ 1337.0, 213.0 ], [ 1337.0, 212.0 ], [ 1337.0, 210.0 ], [ 1337.0, 209.0 ], [ 1337.0, 207.0 ], [ 1337.0, 206.0 ], [ 1337.0, 204.0 ], [ 1337.0, 203.0 ], [ 1337.0, 201.0 ], [ 1337.0, 200.0 ], [ 1337.0, 198.0 ], [ 1337.0, 197.0 ], [ 1337.0, 195.0 ], [ 1337.0, 194.0 ], [ 1337.0, 192.0 ], [ 1337.0, 191.0 ], [ 1337.0, 189.0 ], [ 1337.0, 188.0 ], [ 1337.0, 186.0 ], [ 1337.0, 185.0 ], [ 1336.0, 183.0 ], [ 1334.0, 183.0 ], [ 1333.0, 183.0 ], [ 1331.0, 183.0 ], [ 1330.0, 183.0 ], [ 1328.0, 183.0 ], [ 1327.0, 183.0 ], [ 1325.0, 183.0 ], [ 1324.0, 183.0 ], [ 1322.0, 183.0 ], [ 1321.0, 183.0 ], [ 1319.0, 183.0 ], [ 1318.0, 183.0 ], [ 1316.0, 183.0 ], [ 1315.0, 183.0 ], [ 1313.0, 183.0 ], [ 1312.0, 183.0 ], [ 1310.0, 183.0 ], [ 1309.0, 183.0 ], [ 1307.0, 183.0 ], [ 1306.0, 185.0 ], [ 1306.0, 186.0 ], [ 1306.0, 188.0 ], [ 1306.0, 189.0 ], [ 1306.0, 191.0 ], [ 1306.0, 192.0 ], [ 1306.0, 194.0 ], [ 1306.0, 195.0 ], [ 1306.0, 197.0 ], [ 1306.0, 198.0 ], [ 1305.0, 200.0 ], [ 1303.0, 200.0 ], [ 1302.0, 200.0 ], [ 1300.0, 200.0 ], [ 1299.0, 200.0 ], [ 1297.0, 200.0 ], [ 1296.0, 200.0 ], [ 1294.0, 200.0 ], [ 1293.0, 200.0 ], [ 1291.0, 200.0 ], [ 1290.0, 201.0 ], [ 1290.0, 203.0 ], [ 1290.0, 204.0 ], [ 1290.0, 206.0 ], [ 1290.0, 207.0 ], [ 1290.0, 209.0 ], [ 1290.0, 210.0 ], [ 1290.0, 212.0 ], [ 1290.0, 213.0 ], [ 1290.0, 215.0 ], [ 1288.0, 216.0 ], [ 1287.0, 216.0 ], [ 1285.0, 216.0 ], [ 1284.0, 216.0 ], [ 1282.0, 216.0 ], [ 1281.0, 216.0 ], [ 1279.0, 216.0 ], [ 1278.0, 216.0 ], [ 1276.0, 216.0 ], [ 1275.0, 216.0 ], [ 1273.0, 216.0 ], [ 1272.0, 215.0 ], [ 1272.0, 213.0 ], [ 1272.0, 212.0 ], [ 1272.0, 210.0 ], [ 1272.0, 209.0 ], [ 1272.0, 207.0 ], [ 1272.0, 206.0 ], [ 1272.0, 204.0 ], [ 1272.0, 203.0 ], [ 1272.0, 201.0 ], [ 1272.0, 200.0 ], [ 1270.0, 200.0 ], [ 1269.0, 200.0 ], [ 1267.0, 200.0 ], [ 1266.0, 200.0 ], [ 1264.0, 200.0 ], [ 1263.0, 200.0 ], [ 1262.0, 200.0 ], [ 1260.0, 200.0 ], [ 1259.0, 200.0 ], [ 1257.0, 200.0 ], [ 1256.0, 198.0 ], [ 1257.0, 197.0 ], [ 1257.0, 195.0 ], [ 1257.0, 194.0 ], [ 1257.0, 192.0 ], [ 1257.0, 191.0 ], [ 1257.0, 189.0 ], [ 1257.0, 188.0 ], [ 1257.0, 186.0 ], [ 1257.0, 185.0 ], [ 1257.0, 183.0 ], [ 1257.0, 182.0 ], [ 1257.0, 180.0 ], [ 1257.0, 179.0 ], [ 1257.0, 177.0 ], [ 1257.0, 176.0 ], [ 1257.0, 174.0 ], [ 1257.0, 173.0 ], [ 1257.0, 172.0 ], [ 1257.0, 170.0 ], [ 1256.0, 169.0 ], [ 1254.0, 169.0 ], [ 1253.0, 169.0 ], [ 1251.0, 169.0 ], [ 1250.0, 169.0 ], [ 1248.0, 169.0 ], [ 1247.0, 169.0 ], [ 1245.0, 169.0 ], [ 1244.0, 169.0 ], [ 1242.0, 169.0 ], [ 1241.0, 169.0 ], [ 1239.0, 169.0 ], [ 1238.0, 169.0 ], [ 1236.0, 169.0 ], [ 1235.0, 169.0 ], [ 1233.0, 169.0 ], [ 1232.0, 169.0 ], [ 1230.0, 169.0 ], [ 1229.0, 169.0 ], [ 1227.0, 169.0 ], [ 1226.0, 169.0 ], [ 1224.0, 169.0 ], [ 1223.0, 169.0 ], [ 1221.0, 169.0 ], [ 1220.0, 169.0 ], [ 1218.0, 169.0 ], [ 1217.0, 169.0 ], [ 1216.0, 169.0 ], [ 1214.0, 169.0 ], [ 1213.0, 169.0 ], [ 1211.0, 169.0 ], [ 1210.0, 169.0 ], [ 1210.0, 170.0 ], [ 1210.0, 172.0 ], [ 1210.0, 173.0 ], [ 1210.0, 174.0 ], [ 1210.0, 176.0 ], [ 1210.0, 177.0 ], [ 1210.0, 179.0 ], [ 1210.0, 180.0 ], [ 1210.0, 182.0 ], [ 1210.0, 183.0 ], [ 1210.0, 185.0 ], [ 1210.0, 186.0 ], [ 1210.0, 188.0 ], [ 1210.0, 189.0 ], [ 1210.0, 191.0 ], [ 1210.0, 192.0 ], [ 1210.0, 194.0 ], [ 1210.0, 195.0 ], [ 1210.0, 197.0 ], [ 1210.0, 198.0 ], [ 1210.0, 200.0 ], [ 1210.0, 201.0 ], [ 1210.0, 203.0 ], [ 1210.0, 204.0 ], [ 1210.0, 206.0 ], [ 1210.0, 207.0 ], [ 1210.0, 209.0 ], [ 1210.0, 210.0 ], [ 1210.0, 212.0 ], [ 1210.0, 213.0 ], [ 1210.0, 215.0 ], [ 1208.0, 216.0 ], [ 1207.0, 216.0 ], [ 1205.0, 216.0 ], [ 1204.0, 216.0 ], [ 1202.0, 216.0 ], [ 1201.0, 216.0 ], [ 1199.0, 216.0 ], [ 1198.0, 216.0 ], [ 1196.0, 216.0 ], [ 1195.0, 216.0 ], [ 1193.0, 216.0 ], [ 1192.0, 216.0 ], [ 1190.0, 216.0 ], [ 1189.0, 216.0 ], [ 1187.0, 216.0 ], [ 1186.0, 216.0 ], [ 1184.0, 216.0 ], [ 1183.0, 216.0 ], [ 1181.0, 216.0 ], [ 1180.0, 216.0 ], [ 1178.0, 216.0 ], [ 1178.0, 217.0 ], [ 1178.0, 219.0 ], [ 1178.0, 220.0 ], [ 1178.0, 222.0 ], [ 1178.0, 223.0 ], [ 1178.0, 225.0 ], [ 1178.0, 226.0 ], [ 1178.0, 228.0 ], [ 1178.0, 229.0 ], [ 1178.0, 231.0 ], [ 1177.0, 232.0 ], [ 1175.0, 232.0 ], [ 1174.0, 232.0 ], [ 1173.0, 232.0 ], [ 1171.0, 232.0 ], [ 1170.0, 232.0 ], [ 1168.0, 232.0 ], [ 1167.0, 232.0 ], [ 1165.0, 232.0 ], [ 1164.0, 232.0 ], [ 1162.0, 232.0 ], [ 1161.0, 232.0 ], [ 1159.0, 232.0 ], [ 1158.0, 232.0 ], [ 1156.0, 232.0 ], [ 1155.0, 232.0 ], [ 1153.0, 232.0 ], [ 1152.0, 232.0 ], [ 1150.0, 232.0 ], [ 1149.0, 232.0 ], [ 1147.0, 232.0 ], [ 1146.0, 232.0 ], [ 1144.0, 231.0 ], [ 1144.0, 229.0 ], [ 1144.0, 228.0 ], [ 1144.0, 226.0 ], [ 1144.0, 225.0 ], [ 1144.0, 223.0 ], [ 1144.0, 222.0 ], [ 1144.0, 220.0 ], [ 1144.0, 219.0 ], [ 1144.0, 217.0 ], [ 1144.0, 216.0 ], [ 1144.0, 215.0 ], [ 1144.0, 213.0 ], [ 1144.0, 212.0 ], [ 1144.0, 210.0 ], [ 1144.0, 209.0 ], [ 1144.0, 207.0 ], [ 1144.0, 206.0 ], [ 1144.0, 204.0 ], [ 1144.0, 203.0 ], [ 1144.0, 201.0 ], [ 1144.0, 200.0 ], [ 1144.0, 198.0 ], [ 1144.0, 197.0 ], [ 1144.0, 195.0 ], [ 1144.0, 194.0 ], [ 1144.0, 192.0 ], [ 1144.0, 191.0 ], [ 1144.0, 189.0 ], [ 1144.0, 188.0 ], [ 1144.0, 186.0 ], [ 1144.0, 185.0 ], [ 1144.0, 183.0 ], [ 1144.0, 182.0 ], [ 1144.0, 180.0 ], [ 1144.0, 179.0 ], [ 1144.0, 177.0 ], [ 1144.0, 176.0 ], [ 1144.0, 174.0 ], [ 1144.0, 173.0 ], [ 1144.0, 172.0 ], [ 1144.0, 170.0 ], [ 1144.0, 169.0 ], [ 1144.0, 167.0 ], [ 1146.0, 166.0 ], [ 1147.0, 166.0 ], [ 1149.0, 166.0 ], [ 1150.0, 166.0 ], [ 1152.0, 166.0 ], [ 1153.0, 166.0 ], [ 1155.0, 166.0 ], [ 1156.0, 166.0 ], [ 1158.0, 166.0 ], [ 1159.0, 166.0 ], [ 1161.0, 166.0 ], [ 1162.0, 166.0 ], [ 1164.0, 166.0 ], [ 1165.0, 166.0 ], [ 1167.0, 166.0 ], [ 1168.0, 166.0 ], [ 1170.0, 166.0 ], [ 1171.0, 166.0 ], [ 1173.0, 166.0 ], [ 1174.0, 166.0 ], [ 1175.0, 166.0 ], [ 1177.0, 166.0 ], [ 1178.0, 166.0 ], [ 1180.0, 166.0 ], [ 1181.0, 166.0 ], [ 1183.0, 166.0 ], [ 1184.0, 166.0 ], [ 1186.0, 166.0 ], [ 1187.0, 166.0 ], [ 1189.0, 166.0 ], [ 1190.0, 166.0 ], [ 1192.0, 166.0 ], [ 1193.0, 166.0 ], [ 1195.0, 166.0 ], [ 1196.0, 166.0 ], [ 1198.0, 166.0 ], [ 1199.0, 166.0 ], [ 1201.0, 166.0 ], [ 1202.0, 166.0 ], [ 1204.0, 166.0 ], [ 1205.0, 166.0 ], [ 1207.0, 166.0 ], [ 1208.0, 166.0 ], [ 1208.0, 164.0 ], [ 1208.0, 163.0 ], [ 1208.0, 161.0 ], [ 1208.0, 160.0 ], [ 1208.0, 158.0 ], [ 1208.0, 157.0 ], [ 1208.0, 155.0 ], [ 1208.0, 154.0 ], [ 1208.0, 152.0 ], [ 1208.0, 151.0 ], [ 1208.0, 149.0 ], [ 1208.0, 148.0 ], [ 1208.0, 146.0 ], [ 1208.0, 145.0 ], [ 1208.0, 143.0 ], [ 1208.0, 142.0 ], [ 1208.0, 140.0 ], [ 1208.0, 139.0 ], [ 1208.0, 137.0 ], [ 1208.0, 136.0 ], [ 1207.0, 136.0 ], [ 1205.0, 136.0 ], [ 1204.0, 136.0 ], [ 1202.0, 136.0 ], [ 1201.0, 136.0 ], [ 1199.0, 136.0 ], [ 1198.0, 136.0 ], [ 1196.0, 136.0 ], [ 1195.0, 136.0 ], [ 1193.0, 136.0 ], [ 1192.0, 136.0 ], [ 1190.0, 136.0 ], [ 1189.0, 136.0 ], [ 1187.0, 136.0 ], [ 1186.0, 136.0 ], [ 1184.0, 136.0 ], [ 1183.0, 136.0 ], [ 1181.0, 136.0 ], [ 1180.0, 136.0 ], [ 1178.0, 136.0 ], [ 1177.0, 136.0 ], [ 1175.0, 136.0 ], [ 1174.0, 136.0 ], [ 1173.0, 136.0 ], [ 1171.0, 136.0 ], [ 1170.0, 136.0 ], [ 1168.0, 136.0 ], [ 1167.0, 136.0 ], [ 1165.0, 136.0 ], [ 1164.0, 136.0 ], [ 1162.0, 136.0 ], [ 1161.0, 134.0 ], [ 1161.0, 133.0 ], [ 1161.0, 131.0 ], [ 1161.0, 130.0 ], [ 1161.0, 129.0 ], [ 1161.0, 127.0 ], [ 1161.0, 126.0 ], [ 1161.0, 124.0 ], [ 1161.0, 123.0 ], [ 1161.0, 121.0 ], [ 1159.0, 120.0 ], [ 1158.0, 120.0 ], [ 1156.0, 120.0 ], [ 1155.0, 120.0 ], [ 1153.0, 120.0 ], [ 1152.0, 120.0 ], [ 1150.0, 120.0 ], [ 1149.0, 120.0 ], [ 1147.0, 120.0 ], [ 1146.0, 120.0 ], [ 1144.0, 118.0 ], [ 1144.0, 117.0 ], [ 1144.0, 115.0 ], [ 1144.0, 114.0 ], [ 1144.0, 112.0 ], [ 1144.0, 111.0 ], [ 1144.0, 109.0 ], [ 1144.0, 108.0 ], [ 1144.0, 106.0 ], [ 1144.0, 105.0 ], [ 1144.0, 103.0 ], [ 1144.0, 102.0 ], [ 1144.0, 100.0 ], [ 1144.0, 99.0 ], [ 1144.0, 97.0 ], [ 1144.0, 96.0 ], [ 1144.0, 94.0 ], [ 1144.0, 93.0 ], [ 1144.0, 91.0 ], [ 1144.0, 90.0 ], [ 1144.0, 88.0 ], [ 1143.0, 88.0 ], [ 1141.0, 88.0 ], [ 1140.0, 87.0 ], [ 1138.0, 87.0 ], [ 1137.0, 87.0 ], [ 1135.0, 87.0 ], [ 1134.0, 87.0 ], [ 1132.0, 87.0 ], [ 1131.0, 87.0 ], [ 1130.0, 87.0 ], [ 1128.0, 87.0 ], [ 1127.0, 87.0 ], [ 1125.0, 87.0 ], [ 1124.0, 87.0 ], [ 1122.0, 87.0 ], [ 1121.0, 87.0 ], [ 1119.0, 87.0 ], [ 1118.0, 87.0 ] ] ] } }
]
}
